filmNum,filmName,moveName,type,cat,pow,acc,equipped,played,avgDamage,koRate,ia_pilotee
1,Citizen Kane,Rosebud,—,status,,100,130,0,,,false
1,Citizen Kane,L'empire de l'Inquirer,Drame,phys,80,95,130,190,17.6,0.0579,true
1,Citizen Kane,Le montage du petit-déjeuner,Drame,spe,75,95,130,403,34.0,0.0819,true
1,Citizen Kane,La profondeur de champ de Toland,Drame,spe,80,95,130,864,37.0,0.0949,true
1,Citizen Kane,Xanadu,—,status,,100,130,115,0.0,0.0000,false
1,Citizen Kane,La boule à neige,Drame,phys,60,100,130,32,11.2,0.0000,true
2,Le Parrain,« Une offre qu'il ne pourra pas refuser »,—,status,,100,130,289,0.0,0.0000,false
2,Le Parrain,La tête de cheval dans le lit,—,status,,100,130,231,0.0,0.0000,false
2,Le Parrain,Le baptême du sang,Crime,phys,90,85,130,367,22.6,0.0490,true
2,Le Parrain,Le baise-main au Parrain,—,status,,100,130,490,0.0,0.0000,true
2,Le Parrain,L'autorité du Don,Crime,spe,75,95,130,687,34.4,0.0742,true
2,Le Parrain,« Laisse le flingue; prends les cannoli »,Crime,phys,55,100,130,163,22.5,0.3129,true
3,Apocalypse Now,La Chevauchée des Walkyries,Guerre,phys,75,90,130,15,100.1,0.5333,true
3,Apocalypse Now,« J'adore l'odeur du napalm au matin »,Guerre,phys,85,85,130,93,90.3,0.3763,true
3,Apocalypse Now,« L'horreur… l'horreur »,—,status,,100,130,98,0.0,0.0000,false
3,Apocalypse Now,Le surf sous les bombes,Guerre,phys,85,95,130,461,65.7,0.2321,true
3,Apocalypse Now,La remontée du Nung,—,status,,100,130,196,0.0,0.0000,true
3,Apocalypse Now,Le sacrifice du buffle,Drame,phys,135,70,130,377,58.7,0.2387,true
4,Taxi Driver,« C'est à moi que tu parles ? »,—,status,,100,72,84,0.0,0.0000,true
4,Taxi Driver,Le mohawk,Drame,spe,75,95,72,17,37.9,0.1176,true
4,Taxi Driver,La rampe à pistolet,Thriller,phys,55,95,73,77,46.4,0.4675,true
4,Taxi Driver,« Un vrai déluge nettoiera les rues »,Drame,spe,80,95,73,106,36.1,0.0660,true
4,Taxi Driver,L'insomnie new-yorkaise,Thriller,spe,70,95,73,58,39.9,0.0862,true
4,Taxi Driver,Le carnage du couloir,Thriller,phys,85,95,73,100,55.5,0.1400,true
5,Blade Runner,« Des larmes dans la pluie »,—,status,,100,73,0,,,false
5,Blade Runner,Le test Voight-Kampff,Thriller,spe,75,95,74,98,38.8,0.1020,true
5,Blade Runner,« Plus humain que l'humain »,—,status,,100,74,0,,,false
5,Blade Runner,La licorne en origami,Thriller,spe,80,95,73,246,36.9,0.1016,true
5,Blade Runner,L'étreinte de Roy Batty,Science-Fiction,phys,85,95,73,131,32.7,0.1069,true
5,Blade Runner,« Le temps de mourir »,Science-Fiction,phys,65,95,73,41,30.1,0.0976,true
6,Gladiator,« Au signal; déchaînez l'enfer »,Action,phys,75,90,130,99,32.8,0.1818,true
6,Gladiator,« N'êtes-vous pas divertis ?! »,Drame,phys,75,95,130,328,51.5,0.1738,true
6,Gladiator,« Maximus Decimus Meridius »,—,status,,100,130,225,0.0,0.0000,true
6,Gladiator,Le duel dans l'arène,Action,phys,85,95,130,607,41.8,0.1071,true
6,Gladiator,Les tigres lâchés,Action,phys,80,90,130,248,43.8,0.1210,true
6,Gladiator,Les champs de blé,—,status,,100,130,586,0.0,0.0000,true
7,Parasite,L'infiltration des Kim,—,status,,100,130,200,0.0,0.0000,true
7,Parasite,« Jessica; fille unique »,Comédie,spe,75,95,130,313,49.5,0.1661,true
7,Parasite,La pierre du lettré,Thriller,phys,75,100,130,21,43.7,0.0476,true
7,Parasite,« L'odeur de ceux qui prennent le métro »,Thriller,spe,75,95,130,553,48.6,0.1627,true
7,Parasite,L'inondation du banjiha,Thriller,phys,80,95,130,92,48.8,0.1413,true
7,Parasite,Le massacre de la garden-party,Thriller,phys,60,100,130,0,,,true
8,Forrest Gump,« Cours; Forrest; cours ! »,—,status,,100,130,243,0.0,0.0000,true
8,Forrest Gump,« La vie; c'est comme une boîte de chocolats »,Comédie,spe,75,95,130,160,38.6,0.1375,true
8,Forrest Gump,Le smash de ping-pong,Comédie,phys,105,90,130,365,47.1,0.1178,true
8,Forrest Gump,Le sauvetage de Bubba,Drame,phys,55,100,130,241,32.9,0.0788,true
8,Forrest Gump,Bubba Gump Shrimp Co.,—,status,,100,130,661,0.0,0.0000,true
8,Forrest Gump,« Stupide est celui qui agit stupidement »,Comédie,spe,80,95,130,469,42.4,0.1386,true
9,Titanic,« Je suis le roi du monde ! »,—,status,,100,130,5,0.0,0.0000,false
9,Titanic,Le Cœur de l'Océan,—,status,,100,130,0,,,false
9,Titanic,« Dessine-moi comme une de tes Françaises »,Romance,phys,75,95,130,352,49.6,0.1648,true
9,Titanic,« Never let go »,—,status,,100,130,20,0.0,0.0000,false
9,Titanic,L'iceberg,Drame,phys,90,85,130,637,44.0,0.1193,true
9,Titanic,L'engloutissement,Drame,phys,60,100,130,137,36.3,0.1022,true
10,La Liste de Schindler,« La liste; c'est la vie »,Drame,spe,75,95,130,439,39.6,0.1412,true
10,La Liste de Schindler,Les onze cents noms,Guerre,spe,80,95,130,815,44.6,0.1350,true
10,La Liste de Schindler,« J'aurais pu en sauver plus »,—,status,,100,130,20,0.0,0.0000,false
10,La Liste de Schindler,La fabrique d'émail,—,status,,100,130,233,0.0,0.0000,true
10,La Liste de Schindler,Le rachat des ouvriers,Drame,phys,55,100,130,59,24.8,0.1017,true
10,La Liste de Schindler,La fillette au manteau rouge,Drame,spe,60,100,130,394,31.2,0.0939,true
11,Les Évadés,Le marteau de poche,Drame,phys,135,70,130,569,79.0,0.2988,true
11,Les Évadés,Rita Hayworth au mur,Drame,spe,75,95,130,474,39.7,0.1329,true
11,Les Évadés,La pluie de la liberté,—,status,,100,130,877,0.0,0.0000,true
11,Les Évadés,« S'occuper de vivre ou de mourir »,—,status,,100,130,326,0.0,0.0000,true
11,Les Évadés,L'évasion par l'égout,—,status,,100,130,98,0.0,0.0000,false
11,Les Évadés,Les retrouvailles à Zihuatanejo,Drame,phys,65,95,130,403,61.0,0.2556,true
12,Inception,Le totem,Science-Fiction,spe,75,95,130,159,56.3,0.1572,true
12,Inception,« Il nous faut aller plus profond »,Science-Fiction,phys,30,95,130,8,29.3,0.0000,true
12,Inception,Paris qui se replie,Science-Fiction,spe,80,95,130,579,51.3,0.1641,true
12,Inception,La bagarre en apesanteur,Action,phys,60,100,130,72,59.9,0.2361,true
12,Inception,Le kick,Action,phys,55,100,130,48,30.9,0.4375,true
12,Inception,L'inception,Action,spe,80,95,130,401,51.9,0.1496,true
13,Interstellar,Gargantua,Science-Fiction,phys,90,85,130,581,51.8,0.1704,true
13,Interstellar,La dilatation temporelle,Drame,phys,75,95,130,258,64.6,0.2132,true
13,Interstellar,Le Tesseract,—,status,,100,130,123,0.0,0.0000,false
13,Interstellar,« L'amour transcende l'espace et le temps »,—,status,,100,130,359,0.0,0.0000,true
13,Interstellar,La vague de Miller,Science-Fiction,phys,55,100,130,186,42.5,0.1237,true
13,Interstellar,L'amarrage en rotation,—,status,,100,130,242,0.0,0.0000,true
14,The Dark Knight,Le tour du crayon,Crime,phys,40,95,130,55,24.5,0.2545,true
14,The Dark Knight,« Pourquoi tant de sérieux ? »,Crime,phys,75,95,130,171,67.5,0.2222,true
14,The Dark Knight,L'agent du chaos,Action,phys,80,95,130,564,60.2,0.2270,true
14,The Dark Knight,Le semi retourné,Action,phys,80,95,130,651,61.7,0.2519,true
14,The Dark Knight,La Bat-Pod,Action,phys,80,90,130,99,66.9,0.3131,true
14,The Dark Knight,La pièce de Harvey Dent,Crime,phys,120,60,130,111,80.7,0.3694,true
15,Mad Max: Fury Road,Le War Rig,Action,phys,120,75,130,401,68.8,0.2618,true
15,Mad Max: Fury Road,Le Doof Warrior,Action,phys,85,85,130,182,85.0,0.3846,true
15,Mad Max: Fury Road,« Sois témoin ! »,Action,phys,75,95,130,83,86.3,0.3614,true
15,Mad Max: Fury Road,« Argenté et chromé »,—,status,,100,130,180,0.0,0.0000,true
15,Mad Max: Fury Road,La tempête de sable,Aventure,phys,75,90,130,156,66.4,0.2115,true
15,Mad Max: Fury Road,Les Polecats,Action,phys,70,100,130,0,,,true
16,Bernie,L'orphelin enragé,Comédie,phys,65,95,73,4,48.3,0.5000,true
16,Bernie,La quête des vrais parents,—,status,,100,74,80,0.0,0.0000,true
16,Bernie,La cassette gênante,Comédie,phys,75,95,74,48,84.7,0.4167,true
16,Bernie,Le bricolage qui explose,Comédie,phys,90,85,73,188,61.8,0.2926,true
16,Bernie,La logique de gosse,Comédie,phys,80,95,73,130,60.6,0.2385,true
16,Bernie,Le câlin maladroit,—,status,,100,73,122,0.0,0.0000,true
17,Le Créateur,La pièce qui part en vrille,Comédie,spe,65,100,73,26,69.0,0.3077,true
17,Le Créateur,La fuite en panique,—,status,,100,73,0,,,false
17,Le Créateur,Le génie incompris,—,status,,100,72,85,0.0,0.0000,true
17,Le Créateur,La crise de création,Drame,phys,55,100,72,83,56.2,0.2289,true
17,Le Créateur,Le final improvisé,Comédie,phys,85,95,73,191,62.7,0.2827,true
17,Le Créateur,Le quiproquo général,Drame,spe,75,95,73,72,37.4,0.1528,true
18,Enfermés dehors,L'uniforme de flic volé,—,status,,100,73,110,0.0,0.0000,true
18,Enfermés dehors,Le SDF justicier,Comédie,phys,65,95,74,76,19.0,0.1316,true
18,Enfermés dehors,Le faux interrogatoire,Comédie,phys,75,95,73,72,33.8,0.1389,true
18,Enfermés dehors,La bavure burlesque,Comédie,phys,85,95,73,421,38.1,0.1473,true
18,Enfermés dehors,La logique du trottoir,Comédie,phys,80,95,74,139,36.2,0.1655,true
18,Enfermés dehors,La solidarité des paumés,—,status,,100,73,370,0.0,0.0000,true
19,Le Vilain,Maman pas si gentille,—,status,,100,73,20,0.0,0.0000,false
19,Le Vilain,Le fils encombrant,Comédie,phys,55,100,73,47,26.6,0.0638,true
19,Le Vilain,Les pièges de la maison,Comédie,phys,75,95,73,125,41.0,0.1600,true
19,Le Vilain,La tendresse vénéneuse,Horreur,phys,80,95,72,169,27.2,0.0888,true
19,Le Vilain,Le règlement de comptes familial,Comédie,phys,80,95,72,331,38.4,0.1843,true
19,Le Vilain,La larme de crocodile,—,status,,100,73,334,0.0,0.0000,true
20,9 mois ferme,La grossesse-surprise,Comédie,spe,65,100,73,47,36.2,0.1064,true
20,9 mois ferme,La juge intransigeante,—,status,,100,72,70,0.0,0.0000,true
20,9 mois ferme,La nuit qu'on préfère oublier,Comédie,spe,75,95,72,87,49.8,0.2299,true
20,9 mois ferme,Bob; le suspect patibulaire,Crime,phys,80,95,73,110,51.5,0.1727,true
20,9 mois ferme,La plaidoirie qui dérape,Comédie,spe,80,95,73,230,48.0,0.1826,true
20,9 mois ferme,Le coup de pied du bébé,Comédie,phys,55,100,73,13,25.9,0.6923,true
21,Au revoir là-haut,La gueule cassée,—,status,,100,73,0,,,false
21,Au revoir là-haut,Les masques somptueux,Crime,spe,75,95,73,101,46.4,0.2178,true
21,Au revoir là-haut,L'arnaque aux monuments aux morts,Drame,spe,80,95,73,238,44.3,0.1975,true
21,Au revoir là-haut,La tranchée de 1918,Drame,phys,85,95,73,124,42.0,0.0968,true
21,Au revoir là-haut,La cote 113,Drame,phys,65,95,72,14,40.4,0.2857,true
21,Au revoir là-haut,L'envol final,—,status,,100,72,160,0.0,0.0000,true
22,Adieu les cons,Le compte à rebours,—,status,,100,73,0,,,false
22,Adieu les cons,JB le rescapé,Comédie,phys,50,100,73,20,33.9,0.3500,true
22,Adieu les cons,M. Blin l'archiviste aveugle,Comédie,spe,75,95,73,91,47.2,0.1758,true
22,Adieu les cons,La quête de l'enfant abandonné,—,status,,100,73,107,0.0,0.0000,true
22,Adieu les cons,La bureaucratie absurde,Comédie,spe,80,95,72,223,49.2,0.1794,true
22,Adieu les cons,Le doigt d'honneur final,Drame,phys,85,95,72,94,47.7,0.1596,true
23,Second tour,La machine de campagne,Comédie,spe,75,95,72,73,45.2,0.1507,true
23,Second tour,Madame Pove; journaliste,Drame,spe,70,95,72,53,36.6,0.1509,true
23,Second tour,Le candidat fantoche,Comédie,spe,80,95,72,219,44.1,0.1461,true
23,Second tour,Le meeting qui dérape,Comédie,phys,55,100,72,29,27.4,0.0690,true
23,Second tour,Le scandale révélé,Drame,phys,85,95,72,151,42.0,0.1325,true
23,Second tour,La promesse trahie,—,status,,100,72,0,,,false
24,Rashômon,Les versions contradictoires,Drame,spe,75,95,73,181,37.1,0.1492,true
24,Rashômon,Tajōmaru le bandit,Crime,phys,90,85,73,47,22.6,0.0638,true
24,Rashômon,Le témoignage du mort,—,status,,100,73,23,0.0,0.0000,false
24,Rashômon,Sous la porte Rashōmon,—,status,,100,73,144,0.0,0.0000,true
24,Rashômon,Le duel dans le bois,Crime,phys,65,95,72,6,18.7,0.1667,true
24,Rashômon,L'effet Rashōmon,Crime,spe,80,95,72,165,33.3,0.1333,true
25,Les 400 coups,L'arrêt sur image final,Drame,spe,75,95,73,202,36.5,0.1287,true
25,Les 400 coups,Antoine Doinel,—,status,,100,73,56,0.0,0.0000,true
25,Les 400 coups,Le Rotor,—,status,,100,73,57,0.0,0.0000,true
25,Les 400 coups,La machine à écrire volée,Drame,phys,55,100,72,29,17.2,0.2414,true
25,Les 400 coups,La course vers la mer,—,status,,100,72,0,,,false
25,Les 400 coups,La fugue,Drame,phys,60,100,73,74,13.3,0.0135,true
26,À bout de souffle,Le jump cut,Crime,spe,75,95,72,107,27.0,0.1308,true
26,À bout de souffle,« New York Herald Tribune »,—,status,,100,73,22,0.0,0.0000,false
26,À bout de souffle,Belmondo en Bogart,—,status,,100,73,108,0.0,0.0000,true
26,À bout de souffle,Le tir sur le motard,Crime,phys,50,100,73,80,34.9,0.3125,true
26,À bout de souffle,La dénonciation de Patricia,—,status,,100,73,44,0.0,0.0000,false
26,À bout de souffle,« T'es vraiment dégueulasse »,Crime,phys,65,95,72,70,43.8,0.1143,true
27,Cléo de 5 à 7,Le tarot de l'angoisse,—,status,,100,72,20,0.0,0.0000,false
27,Cléo de 5 à 7,Le temps réel,Drame,spe,75,95,72,129,39.1,0.2093,true
27,Cléo de 5 à 7,« Sans toi »,—,status,,100,73,119,0.0,0.0000,true
27,Cléo de 5 à 7,La déambulation parisienne,Drame,spe,80,95,73,269,38.7,0.1747,true
27,Cléo de 5 à 7,Le bris du miroir,Drame,phys,65,95,73,0,,,true
27,Cléo de 5 à 7,L'attente du verdict,Drame,phys,80,95,73,7,33.7,0.0000,true
28,L'Enfance d'Ivan,Les rêves d'avant-guerre,—,status,,100,73,167,0.0,0.0000,true
28,L'Enfance d'Ivan,L'éclaireur silencieux,—,status,,100,73,35,0.0,0.0000,false
28,L'Enfance d'Ivan,Le marais nocturne,—,status,,100,73,28,0.0,0.0000,false
28,L'Enfance d'Ivan,La haine de l'enfant soldat,Drame,phys,65,95,72,112,22.2,0.0357,true
28,L'Enfance d'Ivan,Le front de l'Est,Guerre,phys,80,95,72,143,28.7,0.1189,true
28,L'Enfance d'Ivan,Le puits du souvenir,Guerre,spe,75,95,73,201,50.0,0.1791,true
29,2001 : L'Odyssée de l'espace,Le monolithe,—,status,,100,130,19,0.0,0.0000,false
29,2001 : L'Odyssée de l'espace,« Je suis désolé; Dave »,Drame,spe,75,95,130,346,35.5,0.0636,true
29,2001 : L'Odyssée de l'espace,L'os jeté en l'air,Drame,phys,90,85,130,330,29.6,0.0758,true
29,2001 : L'Odyssée de l'espace,« Daisy; Daisy »,—,status,,100,130,7,0.0,0.0000,false
29,2001 : L'Odyssée de l'espace,L'Enfant des étoiles,—,status,,100,130,557,0.0,0.0000,true
29,2001 : L'Odyssée de l'espace,« Jupiter; et au-delà de l'infini »,Science-Fiction,spe,90,85,130,812,35.0,0.0616,true
30,Orange mécanique,Le lait plus,—,status,,100,130,230,0.0,0.0000,true
30,Orange mécanique,La technique Ludovico,—,status,,100,130,0,,,false
30,Orange mécanique,La Neuvième de Beethoven,Drame,spe,80,95,130,373,40.6,0.1072,true
30,Orange mécanique,Les droogs,Drame,phys,75,90,130,330,68.4,0.2606,true
30,Orange mécanique,« Singin' in the Rain »,Drame,spe,75,95,130,21,42.9,0.1429,true
30,Orange mécanique,Les paupières forcées,Science-Fiction,spe,80,95,130,323,43.0,0.0960,true
31,Le Parrain II,« Je sais que c'était toi; Fredo »,—,status,,100,130,177,0.0,0.0000,false
31,Le Parrain II,Le baiser de la mort,Crime,phys,50,100,130,233,45.2,0.2232,true
31,Le Parrain II,L'ascension du jeune Vito,—,status,,100,130,288,0.0,0.0000,true
31,Le Parrain II,Hyman Roth,Drame,spe,75,95,130,542,42.9,0.1310,true
31,Le Parrain II,L'exécution de Fanucci,Crime,phys,80,95,130,578,54.2,0.1782,true
31,Le Parrain II,La solitude du pouvoir,—,status,,100,130,75,0.0,0.0000,false
32,Solaris,L'océan pensant,Science-Fiction,spe,75,95,72,138,34.9,0.1159,true
32,Solaris,Hari ressuscitée,—,status,,100,73,0,,,false
32,Solaris,Le miroir de Solaris,Science-Fiction,spe,80,95,73,207,36.9,0.1159,true
32,Solaris,La lévitation,—,status,,100,73,0,,,false
32,Solaris,La surface liquide,Science-Fiction,phys,60,100,73,9,18.7,0.1111,true
32,Solaris,Le souvenir qui ronge,Drame,phys,90,85,72,69,42.5,0.1594,true
33,Chinatown,« Laisse tomber; Jake. C'est Chinatown »,—,status,,100,72,20,0.0,0.0000,false
33,Chinatown,Le nez tranché,Crime,phys,80,90,72,9,26.2,0.1111,true
33,Chinatown,« Ma sœur ! Ma fille ! »,Crime,spe,75,95,73,108,27.2,0.1019,true
33,Chinatown,Le complot de l'eau,Drame,spe,80,95,73,193,35.6,0.1347,true
33,Chinatown,Noah Cross,—,status,,100,73,110,0.0,0.0000,true
33,Chinatown,Le coup de feu à Chinatown,Crime,phys,80,95,73,36,30.4,0.1389,true
34,Les Dents de la mer,« Da-dun… da-dun »,—,status,,100,129,133,0.0,0.0000,false
34,Les Dents de la mer,« Il va vous falloir un plus gros bateau »,—,status,,100,130,348,0.0,0.0000,true
34,Les Dents de la mer,La morsure du grand blanc,Horreur,phys,85,95,130,551,41.7,0.1198,true
34,Les Dents de la mer,Les barils jaunes,Horreur,phys,75,95,129,239,35.4,0.0837,true
34,Les Dents de la mer,« Souris à ça »,Thriller,phys,65,100,129,718,63.9,0.2521,true
34,Les Dents de la mer,L'attaque sous la flottaison,Horreur,phys,55,95,129,86,16.7,0.1395,true
35,Rocky,Les marches du musée de Philadelphie,—,status,,100,130,243,0.0,0.0000,true
35,Rocky,Les œufs crus,—,status,,100,130,676,0.0,0.0000,true
35,Rocky,Le sac de viande,Drame,phys,65,95,130,123,75.2,0.2927,true
35,Rocky,« Yo; Adrian! »,—,status,,100,130,0,,,false
35,Rocky,Tenir les quinze rounds,Drame,phys,75,95,130,272,60.1,0.2206,true
35,Rocky,Le crochet de l'outsider,Drame,phys,80,90,130,868,59.9,0.2385,true
36,E.T. l'extra-terrestre,Le doigt qui guérit,—,status,,100,129,599,0.0,0.0000,true
36,E.T. l'extra-terrestre,« E.T. téléphone maison »,—,status,,100,129,22,0.0,0.0000,false
36,E.T. l'extra-terrestre,Le vélo dans la lune,—,status,,100,129,17,0.0,0.0000,false
36,E.T. l'extra-terrestre,Le lien empathique,Drame,spe,75,95,130,388,38.5,0.0773,true
36,E.T. l'extra-terrestre,La télékinésie,Science-Fiction,spe,90,85,129,676,38.6,0.0962,true
36,E.T. l'extra-terrestre,Le cœur qui s'illumine,Science-Fiction,spe,70,100,130,165,31.3,0.1333,true
37,Amadeus,Le rire de Mozart,Drame,spe,75,95,72,20,23.6,0.1500,true
37,Amadeus,« Trop de notes »,Drame,spe,80,95,72,174,33.8,0.0920,true
37,Amadeus,La jalousie de Salieri,—,status,,100,73,87,0.0,0.0000,true
37,Amadeus,Le génie sans rature,—,status,,100,73,0,,,false
37,Amadeus,Le Requiem,Drame,spe,80,95,73,183,30.5,0.1038,true
37,Amadeus,Le crescendo final,Drame,spe,30,95,73,1,0.0,0.0000,true
38,Top Gun,« J'ai besoin… besoin de vitesse »,—,status,,100,73,23,0.0,0.0000,true
38,Top Gun,« Danger Zone »,Action,phys,85,95,73,108,28.0,0.1204,true
38,Top Gun,« J'étais retourné »,—,status,,100,73,0,,,false
38,Top Gun,Le verrouillage missile,Action,spe,55,100,73,10,15.1,0.2000,true
38,Top Gun,Le combat tournoyant,Action,phys,60,100,74,46,30.5,0.1087,true
38,Top Gun,La mort de Goose,Romance,spe,75,95,74,53,32.1,0.1321,true
39,Platoon,« Adagio for Strings »,—,status,,100,72,0,,,false
39,Platoon,Barnes l'implacable,Guerre,phys,90,85,73,224,25.6,0.0625,true
39,Platoon,L'embuscade dans la jungle,Guerre,phys,50,100,73,39,15.0,0.7179,true
39,Platoon,Le tir ami,Guerre,spe,70,95,73,54,27.2,0.0556,true
39,Platoon,« I am reality »,—,status,,100,72,71,0.0,0.0000,true
39,Platoon,L'appui napalm,Guerre,phys,75,95,73,101,32.1,0.0297,true
40,Full Metal Jacket,La tirade de Hartman,—,status,,100,130,0,,,false
40,Full Metal Jacket,« Ceci est mon fusil »,—,status,,100,129,215,0.0,0.0000,true
40,Full Metal Jacket,La sniper de Hué,Guerre,phys,70,95,129,52,73.0,0.3269,true
40,Full Metal Jacket,« Né pour tuer »,—,status,,100,129,200,0.0,0.0000,true
40,Full Metal Jacket,L'assaut de Hué,Guerre,phys,80,95,130,800,65.2,0.2475,true
40,Full Metal Jacket,« Surfin' Bird »,Guerre,phys,75,90,129,300,70.7,0.2767,true
41,Piège de cristal,« Yippee-ki-yay »,—,status,,100,130,172,0.0,0.0000,true
41,Piège de cristal,Les conduits d'aération,—,status,,100,130,0,,,false
41,Piège de cristal,« Maintenant j'ai une mitraillette »,Action,phys,75,90,130,8,88.9,0.6250,true
41,Piège de cristal,Le C4 dans la cage d'ascenseur,Action,phys,80,95,130,213,93.9,0.4225,true
41,Piège de cristal,Le saut du gratte-ciel,Action,phys,120,75,130,337,70.9,0.2671,true
41,Piège de cristal,Hans Gruber,Thriller,phys,75,95,130,255,99.7,0.4039,true
42,Le Cercle des poètes disparus,« Ô Capitaine ! Mon Capitaine ! »,Drame,spe,75,95,73,47,28.4,0.1702,true
42,Le Cercle des poètes disparus,« Carpe diem »,—,status,,100,74,92,0.0,0.0000,true
42,Le Cercle des poètes disparus,Debout sur le bureau,Drame,spe,80,95,73,119,37.5,0.0840,true
42,Le Cercle des poètes disparus,« Déchirez cette page ! »,Drame,spe,70,95,73,5,25.0,0.0000,true
42,Le Cercle des poètes disparus,« Quel sera votre vers ? »,Drame,spe,90,85,74,170,33.8,0.1412,true
42,Le Cercle des poètes disparus,« Cueille le jour »,Drame,phys,55,100,73,0,,,true
43,Goodfellas,« J'ai toujours voulu être un gangster »,—,status,,100,130,330,0.0,0.0000,true
43,Goodfellas,« Drôle comment ? »,—,status,,100,130,166,0.0,0.0000,false
43,Goodfellas,Le plan-séquence du Copacabana,Crime,spe,75,95,130,426,30.7,0.0869,true
43,Goodfellas,La journée sous coke,—,status,,100,130,160,0.0,0.0000,false
43,Goodfellas,« Layla »,Crime,phys,80,95,130,499,56.6,0.1984,true
43,Goodfellas,L'exécution de Spider,Crime,phys,55,95,130,177,38.8,0.2090,true
44,Pretty Woman,« Big mistake. Big. Huge! »,Romance,spe,75,95,72,133,32.0,0.1053,true
44,Pretty Woman,Le shopping sur Rodeo Drive,—,status,,100,73,27,0.0,0.0000,false
44,Pretty Woman,L'écrin à bijoux,Comédie,phys,80,90,72,89,27.4,0.1124,true
44,Pretty Woman,Le charme de Vivian,—,status,,100,73,21,0.0,0.0000,false
44,Pretty Woman,« Je veux mon conte de fées »,—,status,,100,73,89,0.0,0.0000,true
44,Pretty Woman,L'escarpin,Romance,phys,55,100,73,101,24.8,0.2079,true
45,Le Silence des agneaux,« Un foie; des fèves; un bon Chianti »,—,status,,100,130,62,0.0,0.0000,false
45,Le Silence des agneaux,« Quid pro quo »,Horreur,spe,75,95,130,237,36.1,0.1266,true
45,Le Silence des agneaux,Le sphinx tête-de-mort,Thriller,spe,80,95,130,893,53.8,0.1859,true
45,Le Silence des agneaux,Le masque de Hannibal,—,status,,100,130,287,0.0,0.0000,true
45,Le Silence des agneaux,L'évasion de Lecter,Thriller,phys,85,85,130,415,35.2,0.1398,true
45,Le Silence des agneaux,Buffalo Bill en vision nocturne,Thriller,phys,70,100,130,180,21.7,0.0833,true
46,Reservoir Dogs,Le Mexican standoff,Crime,phys,125,70,73,150,58.2,0.2800,true
46,Reservoir Dogs,« Stuck in the Middle with You »,—,status,,100,72,0,,,false
46,Reservoir Dogs,Les noms de couleurs,Crime,spe,75,95,73,35,40.8,0.2000,true
46,Reservoir Dogs,La marche au ralenti,—,status,,100,73,85,0.0,0.0000,true
46,Reservoir Dogs,L'oreille tranchée,Thriller,phys,70,100,72,108,96.9,0.4259,true
46,Reservoir Dogs,« C'est toi; la taupe »,Thriller,spe,80,95,73,110,53.2,0.3091,true
47,Impitoyable,« Le mérite n'a rien à voir là-dedans »,—,status,,100,73,0,,,false
47,Impitoyable,Le réveil de William Munny,—,status,,100,73,81,0.0,0.0000,true
47,Impitoyable,Le massacre du saloon,Western,phys,75,90,73,80,28.8,0.0750,true
47,Impitoyable,Little Bill Daggett,—,status,,100,72,0,,,false
47,Impitoyable,Le dernier whisky,Western,phys,60,100,72,35,23.9,0.0571,true
47,Impitoyable,Le tir du vétéran,Western,phys,75,95,73,225,27.8,0.0533,true
48,Le Seigneur des anneaux : La Communauté de l'anneau,« Vous ne passerez pas ! »,Fantastique,phys,75,95,130,257,48.3,0.1245,true
48,Le Seigneur des anneaux : La Communauté de l'anneau,L'Anneau Unique,Aventure,phys,80,95,130,622,45.0,0.1109,true
48,Le Seigneur des anneaux : La Communauté de l'anneau,Le Balrog de la Moria,Fantastique,phys,75,95,130,364,40.0,0.1099,true
48,Le Seigneur des anneaux : La Communauté de l'anneau,« Mon précieux »,—,status,,100,130,0,,,false
48,Le Seigneur des anneaux : La Communauté de l'anneau,L'Œil de Sauron,—,status,,100,130,0,,,false
48,Le Seigneur des anneaux : La Communauté de l'anneau,Le dernier combat de Boromir,Aventure,phys,60,100,130,150,40.3,0.1400,true
49,Pulp Fiction,« Ézéchiel 25:17 »,—,status,,100,130,1,0.0,0.0000,false
49,Pulp Fiction,La mallette,Thriller,spe,75,95,130,521,61.1,0.1996,true
49,Pulp Fiction,La piqûre d'adrénaline,Crime,spe,80,95,130,449,55.4,0.1871,true
49,Pulp Fiction,Le twist au Jack Rabbit Slim's,Thriller,spe,70,95,130,264,59.7,0.2159,true
49,Pulp Fiction,Le katana du prêteur sur gages,Crime,phys,65,100,130,115,45.9,0.1478,true
49,Pulp Fiction,« J'ai tiré sur Marvin en pleine tête »,Crime,phys,55,95,130,53,34.5,0.3962,true
50,Seven,Les sept péchés capitaux,Thriller,spe,75,95,130,119,46.1,0.1597,true
50,Seven,« Qu'y a-t-il dans la boîte ?! »,Thriller,phys,85,95,130,299,104.3,0.4080,true
50,Seven,John Doe,Thriller,spe,80,95,130,393,50.3,0.1679,true
50,Seven,« Gluttony »,Crime,phys,55,100,130,315,55.8,0.2222,true
50,Seven,La pluie incessante,Thriller,spe,70,95,130,12,38.1,0.0833,true
50,Seven,« Become Wrath »,—,status,,100,130,213,0.0,0.0000,true
51,Heat,La fusillade du centre-ville,Crime,phys,75,90,72,75,32.4,0.1600,true
51,Heat,« Ne t'attache à rien »,—,status,,100,73,31,0.0,0.0000,false
51,Heat,Le café entre Neil et Vincent,—,status,,100,73,23,0.0,0.0000,false
51,Heat,L'équipe de pros,—,status,,100,73,4,0.0,0.0000,false
51,Heat,Le braquage de banque,Crime,phys,90,85,72,186,34.2,0.1183,true
51,Heat,La piste de LAX,Thriller,phys,50,100,73,202,40.4,0.1782,true
52,Braveheart,« FREEDOM! »,Guerre,phys,75,95,72,1,0.0,0.0000,true
52,Braveheart,Le visage peint en bleu,—,status,,100,73,75,0.0,0.0000,true
52,Braveheart,Le mur de piques,Guerre,phys,80,90,73,29,54.2,0.2759,true
52,Braveheart,La charge des Highlanders,Guerre,phys,125,70,73,196,40.1,0.2092,true
52,Braveheart,La bataille de Stirling,Guerre,phys,80,95,72,98,49.0,0.2143,true
52,Braveheart,La claymore,Guerre,phys,70,95,73,0,,,true
53,Toy Story,« Vers l'infini et au-delà ! »,—,status,,100,130,218,0.0,0.0000,true
53,Toy Story,« You've Got a Friend in Me »,Aventure,spe,75,95,130,226,46.0,0.1460,true
53,Toy Story,« La pince ! »,Animation,spe,80,95,130,347,60.8,0.2017,true
53,Toy Story,Le pistolet à fléchettes,Aventure,phys,55,100,130,331,62.1,0.2085,true
53,Toy Story,Rex paniqué,—,status,,100,130,0,,,false
53,Toy Story,Les petits soldats verts,Aventure,phys,55,100,130,334,54.3,0.2305,true
54,Fargo,Le broyeur à bois,Crime,phys,85,95,72,54,14.4,0.0741,true
54,Fargo,« Ouais; pour sûr »,—,status,,100,73,50,0.0,0.0000,false
54,Fargo,Marge Gunderson,Crime,spe,75,95,73,111,37.2,0.0901,true
54,Fargo,La rançon dans la neige,Comédie,spe,80,95,72,260,40.7,0.1923,true
54,Fargo,Le plan de Jerry qui foire,Crime,spe,70,95,73,44,34.8,0.0455,true
54,Fargo,La fusillade dans le blizzard,Crime,phys,55,100,73,0,,,true
55,Trainspotting,« Choose Life »,—,status,,100,130,184,0.0,0.0000,true
55,Trainspotting,La course sur « Lust for Life »,—,status,,100,130,172,0.0,0.0000,true
55,Trainspotting,La pinte de Begbie,Drame,phys,55,95,130,68,67.3,0.2353,true
55,Trainspotting,« Les pires chiottes d'Écosse »,Comédie,spe,75,95,130,203,51.0,0.1527,true
55,Trainspotting,Le bébé au plafond,Drame,spe,80,95,130,214,44.7,0.1121,true
55,Trainspotting,Begbie qui pète les plombs,Drame,phys,85,95,130,268,77.0,0.2761,true
56,Princesse Mononoké,La colère de la forêt,Fantastique,spe,80,95,130,628,44.1,0.1465,true
56,Princesse Mononoké,Le bras maudit d'Ashitaka,Fantastique,phys,60,100,130,225,29.7,0.0844,true
56,Princesse Mononoké,Les Kodama,Animation,phys,75,95,130,250,37.4,0.1000,true
56,Princesse Mononoké,Le Dieu-Cerf (Shishigami),—,status,,100,130,669,0.0,0.0000,true
56,Princesse Mononoké,La corruption du Tatari-gami,Animation,phys,80,95,130,529,49.3,0.1418,true
56,Princesse Mononoké,San la princesse-louve,Animation,phys,65,95,130,176,18.0,0.0398,true
57,The Big Lebowski,« Le Duc demeure »,Comédie,spe,75,95,72,200,44.5,0.1600,true
57,The Big Lebowski,Le White Russian,—,status,,100,72,181,0.0,0.0000,true
57,The Big Lebowski,« ce tapis unifiait vraiment la pièce »,—,status,,100,73,40,0.0,0.0000,false
57,The Big Lebowski,Walter et son flingue,Crime,phys,85,95,73,45,41.6,0.1778,true
57,The Big Lebowski,Le strike au bowling,Comédie,phys,65,95,73,35,42.2,0.0857,true
57,The Big Lebowski,Les nihilistes,Crime,spe,80,95,73,175,34.5,0.1029,true
58,Il faut sauver le soldat Ryan,Le débarquement d'Omaha Beach,Guerre,phys,75,90,130,58,39.6,0.1207,true
58,Il faut sauver le soldat Ryan,Le sniper Jackson,Guerre,phys,65,100,130,5,14.6,0.0000,true
58,Il faut sauver le soldat Ryan,Les bombes collantes,Guerre,phys,80,90,130,321,37.7,0.1090,true
58,Il faut sauver le soldat Ryan,« Earn this »,Drame,phys,75,95,130,234,41.5,0.1368,true
58,Il faut sauver le soldat Ryan,Tenir le pont de Ramelle,—,status,,100,130,200,0.0,0.0000,true
58,Il faut sauver le soldat Ryan,La mitrailleuse en embuscade,Guerre,phys,85,95,130,772,41.0,0.1308,true
59,Matrix,Le bullet time,—,status,,100,130,0,,,false
59,Matrix,« Il n'y a pas de cuillère »,Action,phys,75,95,130,120,74.9,0.2917,true
59,Matrix,« I know kung-fu »,—,status,,100,131,199,0.0,0.0000,true
59,Matrix,La fusillade du hall,Action,phys,75,90,131,19,126.1,0.5263,true
59,Matrix,L'Agent Smith,Science-Fiction,phys,80,90,131,376,94.6,0.3830,true
59,Matrix,La pilule rouge,Action,phys,80,95,131,550,71.4,0.2582,true
60,Fight Club,Tyler Durden,Drame,phys,105,90,130,460,104.4,0.4130,true
60,Fight Club,« La première règle… »,Thriller,spe,75,95,130,181,64.7,0.2431,true
60,Fight Club,La brûlure chimique,Thriller,phys,75,95,130,276,128.0,0.5543,true
60,Fight Club,« I am Jack's smirking revenge »,—,status,,100,130,220,0.0,0.0000,true
60,Fight Club,Le Projet Chaos,Drame,spe,80,95,130,136,59.6,0.2059,true
60,Fight Club,Le savon,Drame,phys,50,100,130,66,78.5,0.4394,true
61,American Beauty,Les pétales de rose,—,status,,100,73,0,,,false
61,American Beauty,Le sac plastique qui danse,Drame,spe,75,95,72,0,,,true
61,American Beauty,La crise de la quarantaine,—,status,,100,73,92,0.0,0.0000,true
61,American Beauty,« Look closer »,Drame,spe,80,95,73,61,38.9,0.1639,true
61,American Beauty,« Je règne ! »,Drame,phys,55,100,73,107,46.3,0.1682,true
61,American Beauty,Le narrateur d'outre-tombe,Drame,spe,85,95,72,233,39.0,0.1588,true
62,Memento,La mémoire de cinq minutes,Thriller,spe,75,95,130,406,59.6,0.2315,true
62,Memento,« John G. a violé et tué ma femme »,Crime,spe,80,95,130,252,48.1,0.1587,true
62,Memento,« Souviens-toi de Sammy Jankis »,Thriller,spe,70,95,130,211,57.0,0.1659,true
62,Memento,Le récit à rebours,Crime,spe,85,95,130,419,45.7,0.1671,true
62,Memento,Frapper puis oublier,Crime,phys,60,100,130,9,0.0,0.0000,true
62,Memento,« Je me suis menti »,Crime,phys,90,85,130,20,38.1,0.1500,true
63,Requiem for a Dream,« Lux Aeterna »,—,status,,100,73,0,,,false
63,Requiem for a Dream,Le frigo qui menace,Drame,spe,75,95,73,141,31.3,0.0993,true
63,Requiem for a Dream,« On a un gagnant ! »,Drame,spe,80,95,73,329,36.1,0.1368,true
63,Requiem for a Dream,La spirale descendante,Drame,spe,70,95,72,56,34.4,0.1429,true
63,Requiem for a Dream,Le montage hip-hop,Drame,phys,75,90,73,5,8.8,0.0000,true
63,Requiem for a Dream,La pupille dilatée,Drame,spe,55,100,72,4,34.0,0.0000,true
64,Amélie,La crème brûlée,—,status,,100,73,163,0.0,0.0000,true
64,Amélie,Les ricochets sur le canal Saint-Martin,Comédie,phys,105,90,73,70,46.6,0.1429,true
64,Amélie,Le nain de jardin voyageur,Comédie,spe,75,95,72,75,38.4,0.1733,true
64,Amélie,La vengeance contre Collignon,—,status,,100,73,0,,,false
64,Amélie,Guider l'aveugle,Comédie,spe,80,95,72,215,39.5,0.1860,true
64,Amélie,Le cœur qui bat la chamade,Romance,phys,60,100,73,153,34.4,0.1503,true
65,La Cité de Dieu,La course du poulet,—,status,,100,73,135,0.0,0.0000,true
65,La Cité de Dieu,Petit Dé (Lil Zé),Crime,phys,85,95,72,85,29.5,0.1765,true
65,La Cité de Dieu,La guerre des favelas,Crime,phys,75,90,73,18,4.2,0.0000,true
65,La Cité de Dieu,L'appareil photo de Fusée,Drame,spe,75,95,72,157,47.8,0.2038,true
65,La Cité de Dieu,Le cycle de la violence,Crime,spe,80,95,73,158,44.6,0.1835,true
65,La Cité de Dieu,L'embuscade de ruelle,Crime,phys,55,100,73,6,11.8,0.8333,true
66,Catch Me If You Can,Les faux chèques,Crime,spe,75,95,73,86,35.2,0.1279,true
66,Catch Me If You Can,Déguisé en pilote Pan Am,Aventure,spe,80,95,73,120,35.9,0.1333,true
66,Catch Me If You Can,« Tu ne sais que ce que je te dis »,Crime,spe,70,95,73,25,33.5,0.0800,true
66,Catch Me If You Can,La traque de Carl Hanratty,Aventure,spe,85,95,73,299,42.3,0.1472,true
66,Catch Me If You Can,La cavale internationale,Aventure,phys,55,100,72,25,15.2,0.4400,true
66,Catch Me If You Can,Le faux Dr Conners,Aventure,phys,55,100,72,12,16.5,0.0000,true
67,Kill Bill,La combinaison jaune,—,status,,100,129,215,0.0,0.0000,true
67,Kill Bill,Le sabre Hattori Hanzo,Action,phys,65,100,130,24,101.8,0.5417,true
67,Kill Bill,Les Crazy 88,Action,phys,75,90,129,267,70.3,0.2884,true
67,Kill Bill,La Technique du Cœur Explosif en Cinq Points,Crime,phys,60,100,129,184,80.6,0.3207,true
67,Kill Bill,« Remue ton gros orteil »,—,status,,100,130,0,,,false
67,Kill Bill,Le kung-fu de Pai Mei,Action,phys,80,90,129,687,71.5,0.2897,true
68,Oldboy,Le couloir au marteau,Action,phys,75,90,73,17,22.6,0.0588,true
68,Oldboy,Les quinze ans d'enfermement,Action,spe,75,95,72,60,40.4,0.0667,true
68,Oldboy,Le poulpe vivant,Action,phys,65,95,72,0,,,true
68,Oldboy,L'indice des raviolis,Action,spe,80,95,73,217,34.5,0.1429,true
68,Oldboy,La révélation insoutenable,—,status,,100,73,0,,,false
68,Oldboy,La pince à la dent,Thriller,phys,80,90,73,179,51.0,0.1955,true
69,Eternal Sunshine of the Spotless Mind,L'effacement Lacuna,Romance,spe,75,95,73,62,51.1,0.1290,true
69,Eternal Sunshine of the Spotless Mind,« Retrouve-moi à Montauk »,Science-Fiction,spe,80,95,73,170,36.4,0.0882,true
69,Eternal Sunshine of the Spotless Mind,La maison qui s'effondre,Romance,spe,70,95,73,30,40.1,0.1333,true
69,Eternal Sunshine of the Spotless Mind,Les cheveux de Clémentine,—,status,,100,73,0,,,false
69,Eternal Sunshine of the Spotless Mind,La plage qui se dissout,Science-Fiction,spe,90,85,72,163,34.1,0.1043,true
69,Eternal Sunshine of the Spotless Mind,« OK »,Romance,phys,55,100,72,7,19.7,0.1429,true
70,Million Dollar Baby,« Mo cuishle »,Drame,spe,75,95,73,289,35.3,0.1211,true
70,Million Dollar Baby,L'entraînement de Frankie,—,status,,100,73,0,,,false
70,Million Dollar Baby,Le crochet de Maggie,Drame,phys,60,100,73,136,16.0,0.0441,true
70,Million Dollar Baby,« Protège-toi à tout instant »,—,status,,100,73,86,0.0,0.0000,true
70,Million Dollar Baby,Le coup après le gong,Drame,phys,50,100,72,26,13.6,0.6154,true
70,Million Dollar Baby,Le cœur d'outsider,Drame,phys,60,100,72,85,12.0,0.0235,true
71,Batman Begins,« Pourquoi tombe-t-on ? »,—,status,,100,73,90,0.0,0.0000,true
71,Batman Begins,L'essaim de chauves-souris,Crime,phys,75,95,73,48,60.7,0.2708,true
71,Batman Begins,La toxine de l'Épouvantail,Action,phys,80,95,72,93,55.5,0.1935,true
71,Batman Begins,La Ligue des Ombres,Crime,phys,70,95,73,31,62.3,0.3548,true
71,Batman Begins,La Tumbler,Action,phys,85,95,73,210,66.1,0.2810,true
71,Batman Begins,« Je suis Batman »,Action,phys,55,100,72,22,47.0,0.5000,true
72,Brokeback Mountain,« J'aimerais savoir comment te quitter »,—,status,,100,72,20,0.0,0.0000,false
72,Brokeback Mountain,L'été sur la montagne,—,status,,100,72,96,0.0,0.0000,true
72,Brokeback Mountain,Les deux chemises,Romance,spe,75,95,73,180,39.6,0.0611,true
72,Brokeback Mountain,Le silence du Wyoming,—,status,,100,73,0,,,false
72,Brokeback Mountain,Les coups rentrés d'Ennis,Drame,phys,65,95,73,83,27.7,0.0361,true
72,Brokeback Mountain,Le retour à la rivière,Romance,phys,55,100,73,59,27.6,0.0847,true
73,Le Prestige,« Regardez-vous bien ? »,Drame,spe,75,95,73,41,63.5,0.3659,true
73,Le Prestige,The Transported Man,Science-Fiction,spe,80,95,73,30,49.5,0.2000,true
73,Le Prestige,La machine de Tesla,Science-Fiction,spe,85,95,73,163,56.0,0.2393,true
73,Le Prestige,Les cuves d'eau,Science-Fiction,phys,60,100,73,38,82.8,0.2895,true
73,Le Prestige,L'obsession du secret,—,status,,100,72,81,0.0,0.0000,true
73,Le Prestige,Le Prestige,Drame,phys,85,95,72,89,84.4,0.3820,true
74,Casino Royale,Le parkour du chantier,—,status,,100,73,57,0.0,0.0000,true
74,Casino Royale,La partie de poker,Thriller,phys,120,60,73,124,39.1,0.1532,true
74,Casino Royale,Le permis de tuer,Action,phys,90,85,73,117,39.7,0.1282,true
74,Casino Royale,La chaise sans fond,Thriller,phys,65,100,73,55,30.7,0.1818,true
74,Casino Royale,Vesper Lynd,—,status,,100,72,0,,,false
74,Casino Royale,« La garce est morte »,—,status,,100,72,58,0.0,0.0000,true
75,Les Infiltrés,La double infiltration,Crime,spe,75,95,72,114,39.2,0.1053,true
75,Les Infiltrés,Frank Costello,Crime,phys,90,85,73,50,20.1,0.0800,true
75,Les Infiltrés,Le SMS qui démasque,Crime,spe,80,95,72,195,38.8,0.1846,true
75,Les Infiltrés,« Qui est la taupe ? »,—,status,,100,73,22,0.0,0.0000,false
75,Les Infiltrés,L'exécution dans l'ascenseur,Crime,phys,55,100,73,14,17.1,0.8571,true
75,Les Infiltrés,La couverture qui saute,Thriller,phys,70,100,73,178,42.8,0.1798,true
76,There Will Be Blood,« Je bois ton milkshake ! »,Drame,spe,90,85,73,164,34.1,0.1646,true
76,There Will Be Blood,« Je suis un pétrolier »,—,status,,100,73,90,0.0,0.0000,true
76,There Will Be Blood,Le puits en flammes,Drame,phys,85,95,73,157,53.5,0.1847,true
76,There Will Be Blood,La haine d'Eli Sunday,—,status,,100,72,0,,,false
76,There Will Be Blood,La soif de pétrole,Drame,spe,75,95,72,47,39.7,0.1489,true
76,There Will Be Blood,« J'ai fini »,Drame,phys,60,100,73,38,62.3,0.2632,true
77,No Country for Old Men,« Pile ou face »,Crime,phys,130,60,73,11,0.0,0.0000,true
77,No Country for Old Men,Le pistolet à bétail,Crime,phys,85,95,73,94,32.6,0.1383,true
77,No Country for Old Men,Le fusil silencieux,Crime,phys,85,85,73,0,,,true
77,No Country for Old Men,La mallette à deux millions,Crime,spe,75,95,72,156,40.1,0.1346,true
77,No Country for Old Men,La traque implacable,Thriller,spe,80,95,73,237,52.9,0.2110,true
77,No Country for Old Men,Le rêve du shérif Bell,—,status,,100,72,6,0.0,0.0000,false
78,Into the Wild,Alexander Supertramp,—,status,,100,73,106,0.0,0.0000,true
78,Into the Wild,Brûler ses billets,Drame,spe,75,95,73,108,34.6,0.0926,true
78,Into the Wild,Le Magic Bus 142,—,status,,100,72,136,0.0,0.0000,true
78,Into the Wild,La rivière en crue,Aventure,phys,85,95,72,117,72.0,0.2479,true
78,Into the Wild,« Happiness only real when shared »,Aventure,spe,80,95,73,152,38.1,0.0855,true
78,Into the Wild,La baie empoisonnée,Drame,spe,55,100,73,47,18.2,0.0638,true
79,Gran Torino,« Dégagez de ma pelouse »,—,status,,100,73,0,,,false
79,Gran Torino,Le grognement de Walt,—,status,,100,73,78,0.0,0.0000,true
79,Gran Torino,La Gran Torino de 72,—,status,,100,72,87,0.0,0.0000,true
79,Gran Torino,Le mentor de Thao,Drame,spe,75,95,72,212,29.9,0.1321,true
79,Gran Torino,Face aux gangs,Drame,phys,55,100,73,38,32.4,0.1053,true
79,Gran Torino,Le sacrifice sur la pelouse,Drame,phys,60,100,73,185,28.3,0.1027,true
80,Django Unchained,« Le D est muet »,—,status,,100,130,213,0.0,0.0000,true
80,Django Unchained,Dr King Schultz,Crime,phys,75,95,130,244,64.5,0.2295,true
80,Django Unchained,La fusillade de Candyland,Crime,phys,75,90,130,51,82.7,0.3137,true
80,Django Unchained,La dynamite,Western,phys,80,95,130,636,60.6,0.2186,true
80,Django Unchained,Le tir du chasseur de primes,Western,phys,70,95,130,82,71.5,0.3415,true
80,Django Unchained,Calvin Candie,—,status,,100,130,9,0.0,0.0000,false
81,Incendies,« 1 + 1 = 1 »,Drame,spe,75,95,73,75,48.9,0.1200,true
81,Incendies,La femme qui chante,—,status,,100,73,104,0.0,0.0000,true
81,Incendies,Le bus en flammes,Thriller,phys,80,95,73,97,84.5,0.3093,true
81,Incendies,Jeanne et Simon,Thriller,spe,80,95,72,174,56.0,0.2586,true
81,Incendies,Les deux enveloppes,Drame,spe,70,95,73,26,44.7,0.1154,true
81,Incendies,Abou Tarek,Thriller,phys,70,100,72,46,97.8,0.3696,true
82,Intouchables,« Et là; c'est le drame »,—,status,,100,73,20,0.0,0.0000,false
82,Intouchables,« Boogie Wonderland »,—,status,,100,73,68,0.0,0.0000,true
82,Intouchables,Le parapente sur les Alpes,Drame,phys,85,95,72,57,39.1,0.0877,true
82,Intouchables,« Un saignement de nez à 11 000 € »,Drame,spe,75,95,72,94,42.5,0.1596,true
82,Intouchables,Driss et Philippe,—,status,,100,73,158,0.0,0.0000,true
82,Intouchables,« Vivaldi; c'est Tom et Jerry ! »,Comédie,spe,60,100,73,156,41.9,0.1603,true
83,Prisoners,« Espère le meilleur; prépare-toi au pire »,—,status,,100,73,66,0.0,0.0000,true
83,Prisoners,Le sifflotement de Loki,Crime,spe,75,95,73,74,32.1,0.1486,true
83,Prisoners,Les labyrinthes,Thriller,spe,80,95,72,120,53.8,0.2417,true
83,Prisoners,Le Notre Père,—,status,,100,72,139,0.0,0.0000,true
83,Prisoners,Le sous-sol de Keller,Crime,phys,75,100,73,40,57.0,0.3250,true
83,Prisoners,Le détective Loki,Thriller,phys,90,85,73,103,52.3,0.2039,true
84,Blade Runner 2049,« Cellules interconnectées »,Science-Fiction,spe,75,95,73,39,40.5,0.0256,true
84,Blade Runner 2049,Joi,—,status,,100,73,0,,,false
84,Blade Runner 2049,Le petit cheval en bois,Science-Fiction,spe,80,95,72,145,33.5,0.1034,true
84,Blade Runner 2049,La baseline rompue,—,status,,100,72,85,0.0,0.0000,true
84,Blade Runner 2049,Le combat dans les vagues,Science-Fiction,phys,90,85,73,84,57.2,0.2381,true
84,Blade Runner 2049,Deckard retrouvé,Thriller,phys,70,100,73,114,61.3,0.2281,true
85,Tu ne tueras point,« Aide-moi à en sauver un de plus »,—,status,,100,73,127,0.0,0.0000,true
85,Tu ne tueras point,La corde de Hacksaw Ridge,Drame,spe,75,95,73,69,33.8,0.1014,true
85,Tu ne tueras point,L'objecteur de conscience,—,status,,100,73,0,,,false
85,Tu ne tueras point,Le pilonnage d'Okinawa,Guerre,phys,90,85,72,176,51.5,0.1761,true
85,Tu ne tueras point,Le brancardier sous le feu,Guerre,phys,50,100,72,124,44.1,0.2984,true
85,Tu ne tueras point,La Bible de Dorothy,—,status,,100,73,76,0.0,0.0000,true
86,Gone Girl,Le monologue « Cool Girl »,Thriller,spe,75,95,73,52,52.8,0.1154,true
86,Gone Girl,Le journal intime truqué,Crime,spe,80,95,72,103,42.1,0.2039,true
86,Gone Girl,« je suis tellement plus heureuse maintenant que je suis morte »,—,status,,100,73,89,0.0,0.0000,true
86,Gone Girl,La chasse au trésor,Crime,spe,70,95,72,18,56.8,0.2222,true
86,Gone Girl,Le cutter de Desi,Crime,phys,85,95,73,57,56.1,0.2281,true
86,Gone Girl,Amazing Amy,Thriller,spe,80,90,73,163,54.3,0.2331,true
87,Spotlight,L'équipe Spotlight,Drame,spe,75,95,72,36,25.8,0.0833,true
87,Spotlight,« il faut tout un village pour abuser d'un enfant »,—,status,,100,72,0,,,false
87,Spotlight,Les annuaires du diocèse,Drame,spe,80,95,73,207,30.5,0.0966,true
87,Spotlight,Mike Rezendes,Drame,phys,75,100,73,29,20.7,0.0690,true
87,Spotlight,L'ampleur du système,Drame,spe,90,85,73,262,31.1,0.1069,true
87,Spotlight,La liste des prêtres,—,status,,100,73,0,,,false
88,La La Land,« City of Stars »,—,status,,100,72,212,0.0,0.0000,true
88,La La Land,La danse à l'Observatoire,Comédie,spe,75,95,72,121,43.7,0.1488,true
88,La La Land,« Another Day of Sun »,—,status,,100,73,73,0.0,0.0000,true
88,La La Land,« Le jazz se meurt »,—,status,,100,73,93,0.0,0.0000,true
88,La La Land,« The Fools Who Dream »,Romance,spe,80,95,73,152,39.8,0.1382,true
88,La La Land,L'épilogue,Romance,spe,60,100,73,35,34.2,0.1714,true
89,1917,« Jusqu'à la Géhenne ou jusqu'au Trône »,—,status,,100,72,80,0.0,0.0000,true
89,1917,La course dans les tranchées,Guerre,phys,55,95,72,28,37.3,0.5357,true
89,1917,La rivière de cadavres,Guerre,spe,65,95,73,27,25.0,0.0370,true
89,1917,La gourde de lait,—,status,,100,73,121,0.0,0.0000,true
89,1917,« Pour l'amour de Dieu; arrêtez »,Guerre,phys,75,95,73,66,76.3,0.2727,true
89,1917,Les cerisiers de Blake,Guerre,phys,80,95,73,240,73.8,0.3542,true
90,The Father,« Je perds toutes mes feuilles »,Drame,spe,60,100,73,7,29.9,0.4286,true
90,The Father,L'appartement qui change,—,status,,100,72,43,0.0,0.0000,false
90,The Father,La montre disparue,Drame,spe,75,95,73,42,27.6,0.0476,true
90,The Father,« Qui êtes-vous ? »,Drame,spe,80,95,73,290,34.2,0.0966,true
90,The Father,L'éclat d'Anthony,Drame,spe,80,90,72,58,31.6,0.0862,true
90,The Father,Anne,—,status,,100,73,143,0.0,0.0000,true
91,Dune,« La peur tue l'esprit »,Science-Fiction,phys,75,95,72,7,20.0,0.1429,true
91,Dune,Shai-Hulud,Science-Fiction,phys,80,95,73,102,56.8,0.2451,true
91,Dune,La Voix,Science-Fiction,phys,80,95,73,97,58.7,0.2990,true
91,Dune,« Le dormeur doit s'éveiller »,—,status,,100,73,65,0.0,0.0000,true
91,Dune,Le crysknife,Aventure,phys,65,100,72,27,77.4,0.2963,true
91,Dune,Lisan al-Gaib,Aventure,phys,70,95,73,63,56.7,0.2857,true
92,Oppenheimer,Trinity,Thriller,spe,80,95,130,382,59.1,0.2042,true
92,Oppenheimer,« Je suis devenu la Mort »,—,status,,100,130,223,0.0,0.0000,true
92,Oppenheimer,« Entends-tu la musique ? »,Drame,spe,75,95,130,223,52.2,0.1480,true
92,Oppenheimer,Le martèlement,Thriller,spe,80,95,130,337,59.2,0.1691,true
92,Oppenheimer,L'audition à huis clos,Drame,spe,70,95,130,8,27.8,0.2500,true
92,Oppenheimer,La réaction en chaîne,Drame,spe,75,90,130,69,42.0,0.1304,true
93,Chainsaw Man – The Reze Arc,Goupille de la nuque,Action,phys,120,75,130,476,49.6,0.1029,true
93,Chainsaw Man – The Reze Arc,« Boum »,Action,spe,90,85,130,107,31.3,0.0841,true
93,Chainsaw Man – The Reze Arc,Massacre sous la pluie,Action,phys,80,95,130,327,43.1,0.0979,true
93,Chainsaw Man – The Reze Arc,Leçon de nage nocturne,—,status,,100,130,320,0.0,0.0000,true
93,Chainsaw Man – The Reze Arc,« On s'enfuit à Moscou »,Action,phys,75,95,130,28,43.8,0.1786,true
93,Chainsaw Man – The Reze Arc,Rendez-vous manqué au café,—,status,,100,130,2,0.0,0.0000,false
94,The Thing,Le test sanguin,Horreur,phys,75,95,130,34,37.6,0.1176,true
94,The Thing,« Je sais que je suis humain »,—,status,,100,130,40,0.0,0.0000,false
94,The Thing,L'assimilation,Horreur,phys,80,95,130,312,31.1,0.0481,true
94,The Thing,La tête-araignée,Horreur,phys,90,85,130,242,34.1,0.0826,true
94,The Thing,Le lance-flammes,Science-Fiction,phys,75,95,130,459,41.7,0.1089,true
94,The Thing,« Et si on attendait ici un moment ? »,Science-Fiction,phys,70,95,130,238,40.8,0.0966,true
95,Zodiac,« Ici le Zodiaque »,—,status,,100,73,24,0.0,0.0000,false
95,Zodiac,Les cryptogrammes,Crime,spe,75,95,73,52,37.4,0.1538,true
95,Zodiac,L'obsession de Graysmith,Thriller,spe,80,95,73,261,45.4,0.1456,true
95,Zodiac,Le meurtre du taxi,Crime,phys,80,95,72,12,21.4,0.0833,true
95,Zodiac,Le sous-sol,Thriller,spe,70,95,72,116,47.2,0.1810,true
95,Zodiac,Arthur Leigh Allen,Crime,spe,80,90,73,124,39.3,0.1774,true
96,The Social Network,« Un million de dollars; c'est pas classe »,—,status,,100,73,97,0.0,0.0000,true
96,The Social Network,Facemash,Drame,spe,75,95,72,47,29.6,0.0851,true
96,The Social Network,« Tu n'es pas un connard; Mark »,Drame,spe,55,100,73,5,7.8,0.0000,true
96,The Social Network,La déposition,—,status,,100,73,0,,,false
96,The Social Network,La trahison de Saverin,Drame,spe,90,85,72,248,36.3,0.1371,true
96,The Social Network,« Refresh »,Drame,spe,80,95,73,139,34.3,0.1295,true
97,Whiplash,« Pas tout à fait mon tempo »,—,status,,100,130,0,,,false
97,Whiplash,« Rushing or dragging? »,Drame,spe,75,95,130,127,31.4,0.0945,true
97,Whiplash,La chaise lancée,Drame,phys,85,95,129,408,40.0,0.0956,true
97,Whiplash,Le double-tempo,Drame,spe,75,90,129,13,34.6,0.3077,true
97,Whiplash,Les mains en sang,Drame,phys,60,100,129,0,,,true
97,Whiplash,Le solo de Caravan,Drame,spe,85,95,129,668,36.5,0.1138,true
98,Black Swan,« J'étais parfaite »,—,status,,100,73,77,0.0,0.0000,true
98,Black Swan,Le Cygne Noir,—,status,,100,73,0,,,false
98,Black Swan,Les plumes qui percent,Thriller,phys,90,85,73,141,69.2,0.3050,true
98,Black Swan,Les hallucinations,—,status,,100,73,21,0.0,0.0000,false
98,Black Swan,Lily; la rivale,Drame,spe,75,95,72,38,50.9,0.2895,true
98,Black Swan,Le Lac des Cygnes,Drame,spe,80,90,72,132,40.8,0.1515,true
99,The Revenant,L'attaque de l'ourse,Aventure,phys,85,95,73,239,60.2,0.2176,true
99,The Revenant,La nuit dans la carcasse,—,status,,100,73,139,0.0,0.0000,true
99,The Revenant,La vengeance contre Fitzgerald,—,status,,100,72,91,0.0,0.0000,true
99,The Revenant,Ramper dans la neige,—,status,,100,73,21,0.0,0.0000,false
99,The Revenant,Les rapides glacés,Aventure,phys,55,100,73,110,31.7,0.2182,true
99,The Revenant,« la vengeance est entre les mains de Dieu »,Drame,spe,70,100,72,104,26.9,0.0673,true
100,Birdman,L'alter ego rauque,—,status,,100,73,89,0.0,0.0000,true
100,Birdman,« Tu es une célébrité; pas un acteur »,—,status,,100,73,0,,,false
100,Birdman,En slip dans Times Square,Drame,spe,75,95,73,13,32.2,0.0000,true
100,Birdman,Le plan-séquence,Comédie,spe,80,95,72,110,38.6,0.1091,true
100,Birdman,La télékinésie de Riggan,Drame,spe,80,95,73,159,27.1,0.0566,true
100,Birdman,Le coup de feu final,Drame,phys,75,100,72,66,44.9,0.1212,true
101,Her,« Es-tu à moi ? »,—,status,,100,73,68,0.0,0.0000,true
101,Her,Amoureux d'un OS,—,status,,100,73,1,0.0,0.0000,false
101,Her,La mise à jour,—,status,,100,72,66,0.0,0.0000,true
101,Her,« Elle en aime 641 »,Science-Fiction,spe,75,95,73,83,36.6,0.0843,true
101,Her,La voix sans corps,Science-Fiction,spe,75,100,73,154,38.7,0.1169,true
101,Her,Le départ des OS,Romance,spe,65,95,72,28,29.7,0.1786,true
102,Arrival,Les logogrammes,Science-Fiction,spe,75,95,73,228,38.2,0.1798,true
102,Arrival,Le souvenir du futur,—,status,,100,73,0,,,false
102,Arrival,Abbott & Costello,Science-Fiction,phys,80,95,74,41,33.6,0.0976,true
102,Arrival,« l'arme; c'est le langage »,Drame,spe,80,95,74,215,33.8,0.0651,true
102,Arrival,L'appel au général Shang,—,status,,100,73,31,0.0,0.0000,false
102,Arrival,« Même en sachant le voyage »,Drame,spe,70,100,73,37,42.9,0.2162,true
103,Sicario,« Tu n'es pas un loup »,—,status,,100,72,70,0.0,0.0000,false
103,Sicario,Le tunnel,Crime,spe,75,95,73,107,32.5,0.0654,true
103,Sicario,Le bouchon de Juárez,Thriller,phys,75,90,73,172,42.0,0.1860,true
103,Sicario,Alejandro le loup,Crime,phys,90,85,73,136,39.9,0.0956,true
103,Sicario,Le dîner chez Alarcón,Crime,phys,70,100,72,51,35.5,0.1176,true
103,Sicario,Le silencieux dans l'ombre,Crime,phys,55,95,73,41,30.2,0.6098,true
104,Enemy,Le sosie,Thriller,spe,75,95,73,32,39.1,0.0625,true
104,Enemy,« le chaos est un ordre encore indéchiffré »,—,status,,100,72,92,0.0,0.0000,true
104,Enemy,L'araignée géante,—,status,,100,72,0,,,false
104,Enemy,La toile au-dessus de la ville,Horreur,spe,70,100,73,36,25.0,0.1389,true
104,Enemy,La clé du club,Thriller,spe,80,95,73,151,38.8,0.1722,true
104,Enemy,La confrontation des doubles,Thriller,phys,65,95,73,60,46.2,0.2000,true
105,Nightcrawler,« If it bleeds; it leads »,Thriller,spe,75,95,72,89,45.4,0.2022,true
105,Nightcrawler,Le caméscope de nuit,Crime,spe,80,95,73,113,41.6,0.2035,true
105,Nightcrawler,La mise en scène du cadavre,Thriller,spe,70,95,73,36,33.3,0.1111,true
105,Nightcrawler,Le regard de Lou,—,status,,100,73,92,0.0,0.0000,true
105,Nightcrawler,Le carnage provoqué,Thriller,phys,90,85,73,142,73.0,0.2958,true
105,Nightcrawler,« un ami est un cadeau qu'on se fait à soi-même »,Crime,phys,55,100,72,32,62.7,0.2500,true
106,Donnie Darko,Frank le lapin,Science-Fiction,spe,75,95,72,59,25.1,0.1356,true
106,Donnie Darko,Le réacteur tombé du ciel,Science-Fiction,phys,80,95,72,86,72.3,0.3023,true
106,Donnie Darko,Le voyage dans le temps,—,status,,100,73,0,,,false
106,Donnie Darko,« 28 days; 6 hours… »,—,status,,100,73,0,,,false
106,Donnie Darko,« Cellar Door »,—,status,,100,73,79,0.0,0.0000,true
106,Donnie Darko,L'Univers Tangent,Science-Fiction,spe,75,100,73,206,32.8,0.1019,true
107,The Truman Show,« Bonjour ! »,—,status,,100,72,0,,,false
107,The Truman Show,Le projecteur tombé du ciel,Drame,spe,60,100,73,125,32.0,0.2400,true
107,The Truman Show,Le bateau contre le mur,Drame,phys,90,85,73,113,55.5,0.2212,true
107,The Truman Show,La régie de Christof,Comédie,spe,75,95,73,150,50.3,0.1000,true
107,The Truman Show,Vaincre la peur de l'eau,—,status,,100,72,77,0.0,0.0000,true
107,The Truman Show,La porte de sortie,—,status,,100,73,0,,,false
108,Shrek,« Qu'est-ce que vous fichez dans mon marais ?! »,—,status,,100,72,116,0.0,0.0000,true
108,Shrek,« All Star »,—,status,,100,73,94,0.0,0.0000,true
108,Shrek,« Les ogres; c'est comme les oignons »,Animation,phys,75,95,73,51,67.2,0.2941,true
108,Shrek,Le festin d'ogre,Animation,spe,60,100,73,49,29.8,0.1224,true
108,Shrek,Le coup de boule d'ogre,Animation,phys,90,85,72,153,60.4,0.2680,true
108,Shrek,« Je suis un âne ! »,Comédie,phys,80,95,73,130,80.6,0.3615,true
109,Ratatouille,La ratatouille de Remy,—,status,,100,73,221,0.0,0.0000,true
109,Ratatouille,Le pilotage par les cheveux,Comédie,spe,75,95,73,218,39.0,0.1284,true
109,Ratatouille,« Anyone can cook »,—,status,,100,73,49,0.0,0.0000,false
109,Ratatouille,Le regard d'Anton Ego,—,status,,100,73,20,0.0,0.0000,false
109,Ratatouille,La course dans les cuisines,Animation,phys,50,100,72,69,37.3,0.2319,true
109,Ratatouille,La brigade des rats,Animation,phys,85,95,72,201,40.4,0.1343,true
110,Wall-E,« EEE-VAH »,—,status,,100,73,129,0.0,0.0000,true
110,Wall-E,La petite plante verte,Science-Fiction,spe,75,95,73,28,35.1,0.2500,true
110,Wall-E,Le compacteur,Animation,phys,90,85,72,130,62.1,0.2692,true
110,Wall-E,La danse dans l'espace,—,status,,100,73,67,0.0,0.0000,true
110,Wall-E,Le canon d'EVE,Science-Fiction,spe,80,90,73,82,22.7,0.0976,true
110,Wall-E,AUTO,Science-Fiction,spe,80,95,72,131,35.4,0.1603,true
111,Up,La maison aux mille ballons,—,status,,100,72,20,0.0,0.0000,false
111,Up,« Je viens de te rencontrer; et je t'aime »,Aventure,spe,75,95,73,167,33.6,0.1138,true
111,Up,« ÉCUREUIL ! »,Animation,spe,80,95,73,245,41.8,0.1102,true
111,Up,Le carnet d'aventures d'Ellie,—,status,,100,73,151,0.0,0.0000,true
111,Up,Le coup de canne de Carl,Aventure,phys,75,95,72,65,26.4,0.0615,true
111,Up,Kevin,Animation,phys,80,95,73,38,41.3,0.1579,true
112,Coco,« Recuérdame »,—,status,,100,72,193,0.0,0.0000,true
112,Coco,Le pont de pétales de cempasúchil,—,status,,100,73,75,0.0,0.0000,true
112,Coco,Dante,Animation,phys,55,95,73,162,53.9,0.2901,true
112,Coco,« Saisis l'instant »,—,status,,100,73,89,0.0,0.0000,true
112,Coco,La guitare de Miguel,Animation,spe,80,95,72,117,34.1,0.1026,true
112,Coco,L'imposture d'Ernesto,Aventure,spe,75,95,73,99,36.1,0.1313,true
113,Le Roi Lion,Hakuna Matata,—,status,,100,131,453,0.0,0.0000,true
113,Le Roi Lion,« Longue vie au roi »,—,status,,100,131,0,,,false
113,Le Roi Lion,La ruée des gnous,Animation,phys,75,90,130,512,54.5,0.2246,true
113,Le Roi Lion,« Souviens-toi qui tu es »,—,status,,100,131,0,,,false
113,Le Roi Lion,Le bâton de Rafiki,Animation,phys,60,100,130,182,54.4,0.1923,true
113,Le Roi Lion,Le rugissement de Simba,Drame,phys,90,85,131,658,51.3,0.2067,true
114,Le Voyage de Chihiro,Sans-Visage (Kaonashi),Animation,spe,75,95,130,570,49.7,0.1544,true
114,Le Voyage de Chihiro,« Ne te retourne pas »,—,status,,100,130,20,0.0,0.0000,false
114,Le Voyage de Chihiro,Haku le dragon,Fantastique,phys,80,95,130,285,37.1,0.1018,true
114,Le Voyage de Chihiro,Yubaba,—,status,,100,130,36,0.0,0.0000,false
114,Le Voyage de Chihiro,Le train sur l'eau,—,status,,100,130,8,0.0,0.0000,false
114,Le Voyage de Chihiro,Le sceau de Zeniba,Fantastique,spe,70,100,130,586,40.9,0.1092,true
115,Your Name,« Qui es-tu ? »,Romance,spe,75,95,73,27,43.5,0.1852,true
115,Your Name,Le musubi (fil rouge),—,status,,100,73,108,0.0,0.0000,true
115,Your Name,La comète Tiamat,Fantastique,phys,85,95,72,151,55.5,0.2185,true
115,Your Name,L'échange des corps,Fantastique,spe,80,95,72,123,29.8,0.1301,true
115,Your Name,Le kuchikamizake,—,status,,100,73,186,0.0,0.0000,true
115,Your Name,« Ton nom est… »,Romance,spe,75,100,73,71,55.7,0.2535,true
116,Akira,« KANEDAA ! »,—,status,,100,130,139,0.0,0.0000,true
116,Akira,Le dérapage de la moto rouge,Animation,phys,85,95,130,477,124.3,0.5241,true
116,Akira,Les pouvoirs psychiques,Science-Fiction,spe,90,85,130,109,45.9,0.2018,true
116,Akira,Les cachets,Science-Fiction,phys,75,95,130,433,112.0,0.4688,true
116,Akira,La mutation de Tetsuo,—,status,,100,130,154,0.0,0.0000,true
116,Akira,Akira,Science-Fiction,spe,75,90,130,16,57.6,0.1875,true
117,Ghost in the Shell,Le plongeon du Major,—,status,,100,73,114,0.0,0.0000,true
117,Ghost in the Shell,Le ghost-hacking,Science-Fiction,spe,75,95,72,61,27.3,0.0328,true
117,Ghost in the Shell,Le camouflage thermoptique,—,status,,100,72,0,,,false
117,Ghost in the Shell,Le Puppet Master (Projet 2501),Science-Fiction,spe,80,95,73,162,40.3,0.1235,true
117,Ghost in the Shell,Contre le char-araignée,Animation,phys,90,85,73,146,54.4,0.2192,true
117,Ghost in the Shell,La fusion des ghosts,Science-Fiction,spe,70,100,73,19,18.9,0.1053,true
118,Perfect Blue,« Je suis la vraie Mima »,—,status,,100,73,29,0.0,0.0000,false
118,Perfect Blue,Le reflet dans la vitrine,—,status,,100,73,0,,,false
118,Perfect Blue,Me-Mania,Thriller,phys,75,100,73,32,48.2,0.1875,true
118,Perfect Blue,La réalité qui se fissure,Thriller,spe,75,95,72,308,41.9,0.1461,true
118,Perfect Blue,« Excusez-moi; vous êtes qui ? »,—,status,,100,73,0,,,false
118,Perfect Blue,Le pic à glace,Thriller,phys,85,95,72,227,37.9,0.1630,true
119,The Grand Budapest Hotel,« Bas les pattes sur mon groom ! »,—,status,,100,73,96,0.0,0.0000,true
119,The Grand Budapest Hotel,Mendl's,—,status,,100,73,198,0.0,0.0000,true
119,The Grand Budapest Hotel,L'évasion de la prison,—,status,,100,72,20,0.0,0.0000,false
119,The Grand Budapest Hotel,« Boy with Apple »,Aventure,spe,75,95,73,107,36.7,0.1215,true
119,The Grand Budapest Hotel,La poursuite en luge,Aventure,phys,55,95,72,141,47.2,0.2695,true
119,The Grand Budapest Hotel,« L'Air de Panache »,Comédie,spe,80,90,73,161,46.1,0.1553,true
120,Moonrise Kingdom,La fugue des amoureux,—,status,,100,72,50,0.0,0.0000,true
120,Moonrise Kingdom,« Je t'aime mais tu ne sais pas de quoi tu parles »,—,status,,100,73,0,,,false
120,Moonrise Kingdom,Les jumelles de Suzy,Comédie,spe,75,95,72,106,39.9,0.1981,true
120,Moonrise Kingdom,Le Camp Ivanhoe,Romance,spe,80,95,73,124,47.4,0.1855,true
120,Moonrise Kingdom,La flèche en plein cœur,Romance,phys,80,90,73,51,23.9,0.1373,true
120,Moonrise Kingdom,L'orage sur New Penzance,Comédie,phys,55,100,73,35,35.4,0.1143,true
121,Fantastic Mr. Fox,Le sifflement-clic,—,status,,100,73,80,0.0,0.0000,true
121,Fantastic Mr. Fox,Le casse du poulailler de Boggis,Comédie,spe,75,95,73,103,46.3,0.1748,true
121,Fantastic Mr. Fox,Boggis; Bunce et Bean,Animation,spe,80,95,72,45,33.2,0.1556,true
121,Fantastic Mr. Fox,La queue coupée,—,status,,100,72,107,0.0,0.0000,true
121,Fantastic Mr. Fox,Le coup de griffe,Animation,phys,65,100,73,70,46.0,0.1714,true
121,Fantastic Mr. Fox,Le festin du tunnel,Animation,phys,85,95,73,179,72.8,0.3687,true
122,The Lighthouse,La malédiction de Wake,—,status,,100,72,0,,,false
122,The Lighthouse,La mouette borgne,Drame,spe,75,95,73,86,34.5,0.1163,true
122,The Lighthouse,La lumière interdite,Horreur,spe,80,95,73,130,28.3,0.1308,true
122,The Lighthouse,« T'aimes pas ma cuisine ? »,—,status,,100,73,64,0.0,0.0000,true
122,The Lighthouse,Le coup de hache,Drame,phys,85,95,73,165,49.0,0.2242,true
122,The Lighthouse,Le chant de la sirène,Horreur,spe,80,90,72,24,28.8,0.2917,true
123,The Witch,« Veux-tu vivre délicieusement ? »,—,status,,100,72,82,0.0,0.0000,false
123,The Witch,Black Phillip,—,status,,100,73,120,0.0,0.0000,true
123,The Witch,La forêt maudite,Horreur,spe,75,95,73,122,23.9,0.0902,true
123,The Witch,La disparition de Samuel,Horreur,spe,60,100,73,38,24.6,0.0263,true
123,The Witch,La griffe de la sorcière,Horreur,phys,85,85,73,66,31.5,0.1061,true
123,The Witch,Le sabbat,—,status,,100,72,34,0.0,0.0000,false
124,Midsommar,La couronne de fleurs,—,status,,100,72,71,0.0,0.0000,false
124,Midsommar,Le festin du Hårga,Drame,spe,75,95,73,211,35.8,0.1374,true
124,Midsommar,Le soleil de minuit,Horreur,spe,80,95,73,185,31.0,0.1351,true
124,Midsommar,L'Ättestupa,Horreur,phys,90,85,73,122,20.1,0.0574,true
124,Midsommar,L'ours cousu dans la peau,Horreur,phys,70,100,72,96,2.4,0.0104,true
124,Midsommar,Le sourire de Dani,—,status,,100,73,97,0.0,0.0000,false
125,Get Out,La petite cuillère,Horreur,spe,75,95,72,5,20.6,0.2000,true
125,Get Out,Le Lieu Englouti,Thriller,spe,80,95,73,175,36.9,0.1029,true
125,Get Out,Le flash de l'appareil photo,Horreur,spe,70,95,73,2,0.0,0.0000,true
125,Get Out,La vente aux enchères,Thriller,spe,85,95,72,297,39.5,0.1481,true
125,Get Out,« Cours ! »,Thriller,phys,55,95,73,32,16.2,0.5000,true
125,Get Out,Le coton dans les oreilles,Horreur,spe,80,90,73,44,27.0,0.0682,true
126,Us,Les Attachés,Horreur,spe,75,95,73,9,29.8,0.0000,true
126,Us,Les ciseaux dorés,Horreur,phys,90,85,72,84,43.2,0.2143,true
126,Us,« On est des Américains »,—,status,,100,72,75,0.0,0.0000,true
126,Us,Le Untethering,Thriller,spe,80,95,73,194,35.7,0.1340,true
126,Us,La voix cassée de Red,Horreur,spe,80,90,73,42,22.7,0.1429,true
126,Us,Le tunnel,Thriller,spe,70,95,73,60,33.0,0.1500,true
127,Nope,Ne le regarde pas dans les yeux,Horreur,phys,75,95,73,17,26.5,0.0000,true
127,Nope,Jean Jacket,Science-Fiction,phys,80,95,73,251,34.9,0.0837,true
127,Nope,L'incident de Gordy,Horreur,phys,80,95,73,79,26.5,0.0759,true
127,Nope,Les pantins gonflables,—,status,,100,72,10,0.0,0.0000,false
127,Nope,Le cheval de cinéma,Horreur,phys,50,100,73,22,16.4,0.6364,true
127,Nope,« Nope. »,Science-Fiction,phys,70,95,72,103,29.1,0.0680,true
128,The Batman,« Je suis la Vengeance »,—,status,,100,73,91,0.0,0.0000,true
128,The Batman,Les énigmes du Sphinx,Crime,phys,75,95,74,21,83.5,0.3333,true
128,The Batman,La Batmobile en feu,Action,phys,90,85,74,185,60.1,0.2432,true
128,The Batman,Le plus grand détective,Crime,phys,80,95,73,81,71.9,0.4198,true
128,The Batman,Surgir de l'obscurité,Action,phys,55,95,73,82,56.3,0.4512,true
128,The Batman,Le fusil de détresse,Crime,spe,80,90,73,36,35.3,0.1111,true
129,Avengers: Endgame,« Je suis Iron Man »,Action,phys,75,95,73,38,40.3,0.2368,true
129,Avengers: Endgame,« Avengers… Rassemblement ! »,Aventure,phys,80,95,73,232,44.1,0.1681,true
129,Avengers: Endgame,« Sur ta gauche »,—,status,,100,72,0,,,false
129,Avengers: Endgame,Le Gantelet de l'Infini,Action,spe,75,90,72,34,33.7,0.0882,true
129,Avengers: Endgame,« Je t'aime 3000 »,—,status,,100,73,176,0.0,0.0000,true
129,Avengers: Endgame,Captain America digne de Mjölnir,Action,phys,80,95,73,202,44.5,0.1386,true
130,Spider-Man: No Way Home,Les trois Spider-Man,Action,phys,75,95,72,77,63.4,0.3247,true
130,Spider-Man: No Way Home,« Un grand pouvoir implique de grandes responsabilités »,—,status,,100,73,87,0.0,0.0000,true
130,Spider-Man: No Way Home,Le sort raté de Strange,Aventure,spe,60,100,72,46,38.7,0.1739,true
130,Spider-Man: No Way Home,La toile en plein vol,Action,phys,90,85,73,252,66.1,0.3214,true
130,Spider-Man: No Way Home,Soigner plutôt que tuer,—,status,,100,73,138,0.0,0.0000,true
130,Spider-Man: No Way Home,Le sens d'araignée,—,status,,100,73,0,,,false
131,Harry Potter à l'école des sorciers,« T'es un sorcier; Harry »,—,status,,100,73,28,0.0,0.0000,false
131,Harry Potter à l'école des sorciers,« Wingardium Leviosa »,Fantastique,spe,75,95,73,71,38.4,0.0986,true
131,Harry Potter à l'école des sorciers,Le Choixpeau magique,Aventure,spe,80,95,73,111,31.6,0.1622,true
131,Harry Potter à l'école des sorciers,L'attrapeur de Quidditch,—,status,,100,73,65,0.0,0.0000,true
131,Harry Potter à l'école des sorciers,Le troll des cachots,Aventure,phys,85,95,72,94,37.0,0.1064,true
131,Harry Potter à l'école des sorciers,La cicatrice qui brûle,Fantastique,spe,65,95,72,48,27.8,0.0833,true
132,Pirates des Caraïbes,« Mais où est passé le rhum ? »,—,status,,100,73,2,0.0,0.0000,false
132,Pirates des Caraïbes,« Pigé ? »,Aventure,phys,75,95,73,204,35.5,0.1520,true
132,Pirates des Caraïbes,L'épée de Will Turner,Action,phys,65,100,73,43,36.5,0.1395,true
132,Pirates des Caraïbes,L'équipage maudit,—,status,,100,72,0,,,false
132,Pirates des Caraïbes,Le Black Pearl,Action,phys,90,85,73,249,34.6,0.1406,true
132,Pirates des Caraïbes,« Ce jour où vous avez failli capturer le capitaine Jack Sparrow »,—,status,,100,72,0,,,false
133,Mission: Impossible,La descente dans la salle blanche,—,status,,100,73,0,,,false
133,Mission: Impossible,Le masque en latex,Thriller,phys,75,95,73,74,41.9,0.1757,true
133,Mission: Impossible,Le thème de Lalo Schifrin,—,status,,100,72,79,0.0,0.0000,true
133,Mission: Impossible,Le chewing-gum explosif,Action,phys,90,85,73,155,36.6,0.1355,true
133,Mission: Impossible,La course sur le TGV,Action,phys,70,100,72,27,45.2,0.0741,true
133,Mission: Impossible,Démasquer la taupe,Thriller,phys,80,95,73,151,48.4,0.1589,true
134,Skyfall,« Bond. James Bond »,—,status,,100,73,0,,,false
134,Skyfall,Le manoir Skyfall,Thriller,phys,75,95,73,119,47.7,0.1429,true
134,Skyfall,Le duel sur la glace,Action,phys,90,85,72,123,30.0,0.0813,true
134,Skyfall,Silva,—,status,,100,73,0,,,false
134,Skyfall,Le tir de précision,Action,phys,70,95,73,27,26.0,0.1111,true
134,Skyfall,« Parfois; les vieilles méthodes sont les meilleures »,Thriller,phys,80,95,72,226,35.6,0.0752,true
135,Tenet,L'inversion,Action,phys,75,95,73,7,19.3,0.1429,true
135,Tenet,La balle qui revient,Science-Fiction,phys,90,85,73,166,29.8,0.1145,true
135,Tenet,La pince temporelle,Action,phys,80,95,72,126,34.2,0.1032,true
135,Tenet,« Le crépuscule du monde »,—,status,,100,73,56,0.0,0.0000,false
135,Tenet,Le combat à l'envers,Action,phys,80,90,72,27,32.5,0.1481,true
135,Tenet,Le Protagoniste,Science-Fiction,phys,70,95,73,20,29.0,0.1000,true
136,Dunkerque,La jetée bombardée,Guerre,spe,65,95,73,36,38.3,0.1389,true
136,Dunkerque,Les Spitfire,Guerre,phys,80,95,72,186,68.3,0.3118,true
136,Dunkerque,Les petits bateaux,—,status,,100,73,97,0.0,0.0000,true
136,Dunkerque,Le tic-tac de la montre,Thriller,phys,75,95,73,183,76.4,0.3333,true
136,Dunkerque,Sous la coque,—,status,,100,73,0,,,false
136,Dunkerque,« Pour nous; c'est déjà bien suffisant »,—,status,,100,72,78,0.0,0.0000,true
137,The Irishman,« Il paraît que tu repeins les maisons »,—,status,,100,73,50,0.0,0.0000,false
137,The Irishman,Le contrat silencieux,Crime,phys,85,95,73,57,26.2,0.1228,true
137,The Irishman,« C'est comme ça; point »,—,status,,100,72,13,0.0,0.0000,false
137,The Irishman,Jimmy Hoffa,Drame,spe,75,95,72,249,38.8,0.1245,true
137,The Irishman,La sentence du conseil,Crime,spe,80,95,73,154,33.3,0.1234,true
137,The Irishman,La porte entrouverte,Drame,spe,65,95,73,46,28.4,0.0217,true
138,Killers of the Flower Moon,Le pétrole des Osages,Crime,spe,75,95,73,102,29.4,0.0784,true
138,Killers of the Flower Moon,Le poison dans l'insuline,Western,spe,80,95,73,242,29.7,0.1198,true
138,Killers of the Flower Moon,L'oncle Bill Hale,Crime,spe,70,95,74,29,46.8,0.1724,true
138,Killers of the Flower Moon,L'explosion de la maison,Western,phys,85,95,73,143,24.6,0.0699,true
138,Killers of the Flower Moon,Le serment trahi,—,status,,100,74,0,,,false
138,Killers of the Flower Moon,L'arrivée du Bureau,Western,spe,55,100,73,26,23.5,0.1154,true
139,Casino,L'étau dans le désert,Crime,phys,90,85,73,170,16.6,0.0588,true
139,Casino,« La maison gagne toujours »,Crime,phys,110,60,72,8,0.0,0.0000,true
139,Casino,Nicky le fou furieux,Crime,phys,75,100,73,81,18.6,0.0370,true
139,Casino,Ace l'horloger,—,status,,100,73,146,0.0,0.0000,true
139,Casino,Ginger qui dérape,—,status,,100,73,80,0.0,0.0000,false
139,Casino,La voiture piégée,Crime,spe,75,100,72,245,29.6,0.1143,true
140,The Hateful Eight,Le blizzard,Western,spe,75,95,73,83,23.5,0.0723,true
140,The Hateful Eight,Le café empoisonné,Crime,spe,80,95,74,64,29.3,0.1250,true
140,The Hateful Eight,John Ruth « le Bourreau »,Western,spe,70,95,74,20,35.9,0.1000,true
140,The Hateful Eight,La lettre de Lincoln,Crime,spe,85,95,73,218,31.5,0.1009,true
140,The Hateful Eight,La fusillade dans la mercerie,Crime,phys,85,95,73,54,19.4,0.0370,true
140,The Hateful Eight,La pendaison de Daisy,Western,spe,65,95,73,11,20.5,0.0000,true
141,Once Upon a Time in Hollywood,Le lance-flammes,Drame,phys,85,95,72,199,48.2,0.2010,true
141,Once Upon a Time in Hollywood,Cliff et le pitbull Brandy,Drame,phys,80,90,73,53,47.6,0.1887,true
141,Once Upon a Time in Hollywood,« Tu es Rick putain de Dalton »,—,status,,100,73,65,0.0,0.0000,true
141,Once Upon a Time in Hollywood,Le pied nu de Pussycat,Drame,spe,75,95,73,13,37.7,0.1538,true
141,Once Upon a Time in Hollywood,La crise dans la caravane,—,status,,100,72,71,0.0,0.0000,true
141,Once Upon a Time in Hollywood,La Manson Family,Drame,spe,80,95,73,100,29.2,0.0300,true
142,Le Pianiste,Le Nocturne dans les ruines,Drame,spe,90,85,73,225,31.1,0.1156,true
142,Le Pianiste,Le ghetto de Varsovie,Guerre,spe,75,95,73,145,46.0,0.1379,true
142,Le Pianiste,Se cacher; se taire,—,status,,100,73,0,,,false
142,Le Pianiste,Le capitaine Hosenfeld,—,status,,100,73,171,0.0,0.0000,true
142,Le Pianiste,La boîte de cornichons,—,status,,100,72,102,0.0,0.0000,true
142,Le Pianiste,Les mains du pianiste,Drame,spe,75,100,72,132,24.4,0.0909,true
143,La vie est belle,« Buongiorno Principessa ! »,—,status,,100,130,20,0.0,0.0000,false
143,La vie est belle,« Mille points; et le premier gagne un char ! »,—,status,,100,130,22,0.0,0.0000,false
143,La vie est belle,La chaise et le chapeau,Comédie,spe,60,95,130,384,41.0,0.1198,true
143,La vie est belle,Traduire les ordres en jeu,Drame,spe,75,95,130,274,35.0,0.0803,true
143,La vie est belle,Le char en récompense,—,status,,100,130,486,0.0,0.0000,true
143,La vie est belle,Le dernier pas de l'oie,Drame,spe,80,90,130,615,36.8,0.0650,true
144,Roma,Le sauvetage dans les vagues,Drame,phys,85,95,72,184,31.8,0.0598,true
144,Roma,L'avion dans le reflet,Drame,spe,75,95,73,190,33.2,0.1211,true
144,Roma,La charge de Corpus Christi,—,status,,100,73,0,,,false
144,Roma,Le tremblement de terre,—,status,,100,73,41,0.0,0.0000,false
144,Roma,L'eau qui lave le sol,—,status,,100,73,172,0.0,0.0000,true
144,Roma,Le silence de Cleo,Drame,spe,55,100,72,38,19.8,0.0526,true
145,Marriage Story,La dispute qui explose,Drame,spe,90,85,72,318,30.3,0.0943,true
145,Marriage Story,Les avocats,—,status,,100,73,0,,,false
145,Marriage Story,La lettre jamais lue,—,status,,100,73,182,0.0,0.0000,true
145,Marriage Story,« Tu n'es pas si attentionné »,Drame,spe,65,95,72,45,25.2,0.0444,true
145,Marriage Story,Se couper le bras,Drame,spe,75,95,73,104,29.2,0.1731,true
145,Marriage Story,Refaire le lacet de l'enfant,—,status,,100,73,90,0.0,0.0000,true
146,Manchester by the Sea,« Je peux pas le surmonter »,—,status,,100,73,0,,,false
146,Manchester by the Sea,L'incendie,Drame,spe,85,95,73,373,28.1,0.1046,true
146,Manchester by the Sea,La bagarre au bar,Drame,phys,80,90,73,8,7.5,0.0000,true
146,Manchester by the Sea,Patrick et le congélateur,Drame,spe,75,95,73,16,20.3,0.2500,true
146,Manchester by the Sea,Oncle et neveu,Drame,spe,80,95,72,134,28.5,0.0821,true
146,Manchester by the Sea,Le retour à Manchester,—,status,,100,72,89,0.0,0.0000,true
147,Sound of Metal,Le grondement assourdi,Drame,spe,85,95,72,271,32.3,0.0886,true
147,Sound of Metal,La batterie déchaînée,Drame,phys,80,90,73,0,,,true
147,Sound of Metal,Apprendre la langue des signes,Drame,spe,75,95,73,12,44.7,0.0833,true
147,Sound of Metal,Les implants cochléaires,Drame,spe,80,95,73,135,30.4,0.1481,true
147,Sound of Metal,Rester assis dans le silence,—,status,,100,72,113,0.0,0.0000,true
147,Sound of Metal,Le silence retrouvé,Drame,spe,70,95,73,0,,,true
148,Everything Everywhere All at Once,Les doigts-saucisses,Aventure,phys,65,95,72,99,33.9,0.1515,true
148,Everything Everywhere All at Once,Le bagel « Everything »,Science-Fiction,spe,80,95,72,208,35.9,0.1010,true
148,Everything Everywhere All at Once,La gommette sur le front,—,status,,100,72,0,,,false
148,Everything Everywhere All at Once,Le verse-saut improbable,Science-Fiction,phys,120,60,72,100,32.8,0.1300,true
148,Everything Everywhere All at Once,« J'aurais aimé faire les impôts avec toi »,—,status,,100,72,124,0.0,0.0000,true
148,Everything Everywhere All at Once,« Soyez gentils »,—,status,,100,72,0,,,false
149,Dune: Deuxième Partie,Chevaucher Shai-Hulud,Aventure,phys,80,95,72,163,43.1,0.1411,true
149,Dune: Deuxième Partie,« Longue vie aux combattants ! »,Aventure,phys,75,95,73,14,22.4,0.1429,true
149,Dune: Deuxième Partie,L'arène noire de Feyd-Rautha,Science-Fiction,phys,80,90,73,68,44.3,0.2059,true
149,Dune: Deuxième Partie,La Voix du Kwisatz Haderach,Aventure,phys,80,95,73,190,37.5,0.1368,true
149,Dune: Deuxième Partie,L'Eau de la Vie,—,status,,100,73,0,,,false
149,Dune: Deuxième Partie,Le doute de Chani,—,status,,100,72,0,,,false
150,Furiosa,Le bras perdu,—,status,,100,73,66,0.0,0.0000,true
150,Furiosa,Dementus,—,status,,100,73,0,,,false
150,Furiosa,La traversée du désert,—,status,,100,72,72,0.0,0.0000,true
150,Furiosa,Le War Rig,Action,phys,85,95,72,184,50.1,0.2228,true
150,Furiosa,Le tir en pleine course,Action,phys,75,95,73,60,63.9,0.3500,true
150,Furiosa,La Terre des Balles,Aventure,phys,75,95,73,97,53.7,0.3093,true
151,Civil War,« Quel genre d'Américain es-tu ? »,—,status,,100,73,0,,,false
151,Civil War,Le déclic de l'appareil,Thriller,phys,75,95,73,58,81.0,0.3103,true
151,Civil War,L'assaut sur la Maison-Blanche,Guerre,phys,85,95,72,122,59.6,0.2295,true
151,Civil War,Le checkpoint,Thriller,phys,80,95,73,140,50.6,0.2500,true
151,Civil War,Le tir en rafale,Guerre,phys,75,90,72,29,62.5,0.3103,true
151,Civil War,Le sang-froid de Jessie,—,status,,100,73,78,0.0,0.0000,true
152,The Substance,« Souviens-toi : vous ne faites qu'Une »,Horreur,spe,75,95,72,25,8.9,0.0800,true
152,The Substance,L'injection dans la colonne,—,status,,100,72,47,0.0,0.0000,false
152,The Substance,Le vieillissement express,—,status,,100,72,69,0.0,0.0000,false
152,The Substance,Monstro Elisasue,Horreur,phys,80,95,72,118,31.9,0.1271,true
152,The Substance,« Tu mérites mieux »,Horreur,spe,80,95,72,107,31.3,0.0561,true
152,The Substance,Le show de fin d'année,Science-Fiction,spe,80,90,72,177,38.3,0.0904,true
153,Nosferatu,L'ombre du comte Orlok,—,status,,100,73,134,0.0,0.0000,false
153,Nosferatu,L'obsession d'Ellen,Horreur,phys,75,95,73,35,29.0,0.1143,true
153,Nosferatu,La peste des rats,Horreur,spe,70,100,73,54,23.6,0.1111,true
153,Nosferatu,La morsure,Horreur,phys,85,95,72,199,22.2,0.0905,true
153,Nosferatu,Le pacte de sang,Horreur,phys,80,95,72,67,27.4,0.1343,true
153,Nosferatu,Le sacrifice de l'aube,—,status,,100,73,40,0.0,0.0000,false
154,Mickey 17,« Ça fait quoi; de mourir ? »,—,status,,100,73,0,,,false
154,Mickey 17,Le réimprimé,Comédie,phys,75,95,72,79,43.3,0.3038,true
154,Mickey 17,Mickey 17 et Mickey 18,Science-Fiction,phys,80,95,73,80,36.7,0.1875,true
154,Mickey 17,Les Creepers,Science-Fiction,phys,90,85,73,85,40.6,0.1647,true
154,Mickey 17,Le consommable,—,status,,100,73,63,0.0,0.0000,true
154,Mickey 17,La planète Niflheim,Comédie,spe,55,95,72,24,31.5,0.2500,true
155,Gladiator II,Le rhinocéros de l'arène,Action,phys,80,95,73,260,46.0,0.2269,true
155,Gladiator II,« Lucius; fils de Maximus »,—,status,,100,73,68,0.0,0.0000,true
155,Gladiator II,Le Colisée inondé,Action,phys,75,95,73,97,38.6,0.1340,true
155,Gladiator II,Macrin l'ambitieux,—,status,,100,73,0,,,false
155,Gladiator II,Le coup de glaive,Action,phys,70,95,72,7,32.4,0.0000,true
155,Gladiator II,Le rêve de Rome,—,status,,100,72,57,0.0,0.0000,true
156,Joker: Folie à Deux,Le numéro musical,Drame,phys,75,95,73,49,30.3,0.1633,true
156,Joker: Folie à Deux,Lee Quinzel,—,status,,100,73,87,0.0,0.0000,true
156,Joker: Folie à Deux,Le procès d'Arthur Fleck,Drame,phys,80,95,73,146,33.5,0.1027,true
156,Joker: Folie à Deux,Folie à deux,Crime,phys,70,95,72,24,27.8,0.2083,true
156,Joker: Folie à Deux,Arkham,Crime,phys,75,95,72,74,45.1,0.1486,true
156,Joker: Folie à Deux,« Il n'y a jamais eu de Joker »,Drame,spe,55,100,73,5,14.6,0.0000,true
157,Deadpool & Wolverine,« Marvel Jésus »,—,status,,100,72,68,0.0,0.0000,true
157,Deadpool & Wolverine,Briser le 4e mur,Comédie,phys,75,95,72,100,58.4,0.2300,true
157,Deadpool & Wolverine,Les griffes en adamantium,Action,phys,85,95,72,226,46.5,0.1991,true
157,Deadpool & Wolverine,Le duel dans la Honda Odyssey,Action,phys,75,90,72,61,49.8,0.2623,true
157,Deadpool & Wolverine,« Le costume jaune ! »,—,status,,100,72,20,0.0,0.0000,false
157,Deadpool & Wolverine,Deux régénérateurs,—,status,,100,72,143,0.0,0.0000,true
158,Vice Versa 2,Anxiété,Animation,spe,75,95,73,171,47.1,0.2047,true
158,Vice Versa 2,La tempête d'inquiétude,Comédie,spe,80,95,73,195,43.6,0.1282,true
158,Vice Versa 2,Joie reprend la barre,—,status,,100,73,0,,,false
158,Vice Versa 2,Le sentiment de soi,—,status,,100,72,174,0.0,0.0000,true
158,Vice Versa 2,La crise de panique,Comédie,spe,75,100,73,118,40.9,0.1864,true
158,Vice Versa 2,La console des émotions,Animation,phys,65,95,72,77,34.1,0.1169,true
159,Le Mépris,Le mépris de Camille,Drame,spe,60,100,72,0,,,true
159,Le Mépris,La villa Malaparte,—,status,,100,72,37,0.0,0.0000,false
159,Le Mépris,Fritz Lang sur le plateau,Drame,spe,75,95,72,21,20.1,0.0952,true
159,Le Mépris,« Et mes fesses; tu les aimes ? »,—,status,,100,72,78,0.0,0.0000,true
159,Le Mépris,La dispute dans l'appartement,Drame,spe,80,90,72,90,28.9,0.1111,true
159,Le Mépris,Le scénario vendu,Drame,spe,80,95,72,169,27.7,0.0947,true
160,Paris; Texas,Travis dans le désert,—,status,,100,73,99,0.0,0.0000,true
160,Paris; Texas,Le monologue derrière la vitre,Drame,spe,80,95,72,315,32.7,0.1333,true
160,Paris; Texas,La terre de Paris; Texas,—,status,,100,72,242,0.0,0.0000,true
160,Paris; Texas,Hunter retrouvé,Drame,spe,75,95,73,174,34.1,0.1494,true
160,Paris; Texas,La slide guitar de Ry Cooder,—,status,,100,73,0,,,false
160,Paris; Texas,Le silence de Travis,Drame,spe,60,100,73,50,30.2,0.1200,true
161,Stalker,L'écrou et le bandage,Science-Fiction,spe,75,95,73,179,38.0,0.1006,true
161,Stalker,La Chambre des désirs,—,status,,100,73,0,,,false
161,Stalker,Les pièges invisibles de la Zone,Science-Fiction,spe,65,95,73,89,24.1,0.1124,true
161,Stalker,La foi du Passeur,—,status,,100,73,99,0.0,0.0000,true
161,Stalker,Le désespoir du Professeur,Drame,spe,75,100,72,211,34.1,0.1327,true
161,Stalker,Le chien noir,—,status,,100,72,0,,,false
162,Andreï Roublev,La fonte de la cloche,Drame,phys,85,95,72,229,25.1,0.0655,true
162,Andreï Roublev,Le vœu de silence,—,status,,100,72,119,0.0,0.0000,true
162,Andreï Roublev,L'icône de la Trinité,Drame,spe,70,100,73,136,25.0,0.1029,true
162,Andreï Roublev,Le sac de Vladimir,—,status,,100,73,3,0.0,0.0000,false
162,Andreï Roublev,La foi retrouvée,—,status,,100,73,228,0.0,0.0000,true
162,Andreï Roublev,Le cheval dans la boue,Drame,spe,75,95,73,258,30.9,0.1202,true
163,Mulholland Drive,« Silencio ! »,Thriller,spe,75,95,72,160,49.3,0.1688,true
163,Mulholland Drive,La boîte bleue,Drame,spe,80,95,72,242,46.9,0.1901,true
163,Mulholland Drive,Le clochard derrière le Winkie's,Thriller,phys,85,95,72,45,63.4,0.1556,true
163,Mulholland Drive,Betty et Rita,—,status,,100,72,0,,,false
163,Mulholland Drive,« C'est elle; la fille »,Thriller,spe,70,95,72,52,48.3,0.1538,true
163,Mulholland Drive,La désillusion de Diane,Drame,spe,60,100,72,33,29.6,0.0000,true
164,Lost Highway,L'Homme Mystère,—,status,,100,73,20,0.0,0.0000,false
164,Lost Highway,La cassette vidéo,Horreur,spe,75,95,73,44,30.0,0.1136,true
164,Lost Highway,La transformation,Thriller,spe,80,95,73,244,41.5,0.1762,true
164,Lost Highway,L'autoroute de nuit,—,status,,100,73,91,0.0,0.0000,true
164,Lost Highway,Le saxophone de Fred,Thriller,spe,75,100,72,101,43.3,0.2277,true
164,Lost Highway,Le caméscope tendu,Horreur,phys,65,95,72,4,8.8,0.2500,true
165,The Elephant Man,« Je ne suis pas un animal ! »,—,status,,100,72,92,0.0,0.0000,true
165,The Elephant Man,Le freak show,Drame,spe,65,95,73,42,14.7,0.0714,true
165,The Elephant Man,Le docteur Treves,—,status,,100,73,271,0.0,0.0000,true
165,The Elephant Man,La cathédrale en maquette,—,status,,100,73,84,0.0,0.0000,true
165,The Elephant Man,« Mes pensées sont celles d'un homme normal »,Drame,spe,80,90,73,348,29.6,0.1466,true
165,The Elephant Man,Le 23e Psaume,Drame,spe,75,95,72,120,30.2,0.1500,true
166,The Tree of Life,La grâce et la nature,Drame,spe,75,95,73,341,33.4,0.1437,true
166,The Tree of Life,La naissance du cosmos,Drame,spe,70,100,73,135,29.4,0.1852,true
166,The Tree of Life,Le dinosaure miséricordieux,—,status,,100,73,0,,,false
166,The Tree of Life,Le père sévère,Drame,spe,65,95,73,80,37.7,0.1625,true
166,The Tree of Life,Le murmure à Dieu,—,status,,100,72,69,0.0,0.0000,true
166,The Tree of Life,La plage de l'au-delà,—,status,,100,72,174,0.0,0.0000,true
167,The Thin Red Line,La prise de la colline 210,Guerre,phys,80,95,73,146,36.7,0.0685,true
167,The Thin Red Line,« D'où vient ce mal ? »,—,status,,100,73,40,0.0,0.0000,false
167,The Thin Red Line,Les hautes herbes,—,status,,100,73,0,,,false
167,The Thin Red Line,Witt le rêveur,—,status,,100,73,60,0.0,0.0000,true
167,The Thin Red Line,Le tir de couverture,Guerre,phys,55,95,72,64,29.7,0.2969,true
167,The Thin Red Line,L'étincelle d'humanité,Drame,spe,65,95,72,122,24.3,0.0574,true
168,A Ghost Story,Le drap blanc,—,status,,100,72,99,0.0,0.0000,true
168,A Ghost Story,La tarte mangée,—,status,,100,73,0,,,false
168,A Ghost Story,L'attente des siècles,Fantastique,spe,50,100,72,34,18.2,0.0882,true
168,A Ghost Story,Le mot dans le mur,Fantastique,spe,75,95,73,138,32.4,0.1377,true
168,A Ghost Story,La crise du fantôme,Fantastique,spe,80,90,73,300,33.1,0.1200,true
168,A Ghost Story,La boucle du temps,—,status,,100,73,144,0.0,0.0000,true
169,First Reformed,« Dieu nous pardonnera-t-il ? »,—,status,,100,73,0,,,false
169,First Reformed,Le journal intime,Drame,spe,75,95,73,278,28.1,0.0791,true
169,First Reformed,Le gilet explosif,Drame,spe,70,95,72,7,34.3,0.1429,true
169,First Reformed,La lévitation,—,status,,100,73,0,,,false
169,First Reformed,Le fil barbelé,Drame,spe,70,100,73,125,30.0,0.0720,true
169,First Reformed,L'étreinte finale,—,status,,100,72,102,0.0,0.0000,true
170,Uncut Gems,« C'est comme ça que je gagne »,—,status,,100,73,76,0.0,0.0000,true
170,Uncut Gems,L'opale noire,Crime,spe,75,95,73,21,36.5,0.1905,true
170,Uncut Gems,Le pari sur Kevin Garnett,Thriller,phys,120,60,73,51,78.8,0.3333,true
170,Uncut Gems,Arno et les usuriers,Crime,spe,80,95,72,49,46.2,0.1224,true
170,Uncut Gems,Le sas de la bijouterie,Thriller,phys,75,100,73,235,73.9,0.3447,true
170,Uncut Gems,L'agitation permanente,Crime,phys,75,90,72,61,64.2,0.2295,true
171,Good Time,Le braquage déguisé,Thriller,spe,75,95,72,64,37.0,0.1719,true
171,Good Time,La cavale nocturne,—,status,,100,72,61,0.0,0.0000,true
171,Good Time,La bouteille de Sprite,Thriller,spe,80,95,72,215,40.9,0.1767,true
171,Good Time,L'évasion de l'hôpital,—,status,,100,72,0,,,false
171,Good Time,Le coup de tête,Thriller,phys,80,90,72,37,54.5,0.2162,true
171,Good Time,Le frère abandonné,Crime,spe,55,100,72,64,40.9,0.1250,true
172,The Florida Project,Le motel violet,Drame,spe,75,95,73,254,30.4,0.1260,true
172,The Florida Project,Les bêtises de Moonee,Drame,phys,50,100,72,24,7.6,0.0417,true
172,The Florida Project,« Bienvenue dans mon château »,—,status,,100,72,0,,,false
172,The Florida Project,Bobby le gérant,—,status,,100,73,177,0.0,0.0000,true
172,The Florida Project,Disney World au loin,Drame,spe,70,100,73,107,28.9,0.0841,true
172,The Florida Project,La fuite vers le parc,—,status,,100,73,85,0.0,0.0000,true
173,Moonlight,« Qui es-tu; Chiron ? »,Drame,spe,75,95,72,283,29.4,0.1307,true
173,Moonlight,La leçon de natation,—,status,,100,72,197,0.0,0.0000,true
173,Moonlight,Little; Chiron; Black,—,status,,100,73,0,,,false
173,Moonlight,La nuit sur la plage,Drame,spe,70,100,73,134,28.2,0.0970,true
173,Moonlight,Les dents en or,—,status,,100,73,93,0.0,0.0000,true
173,Moonlight,Le coup de chaise,Drame,phys,75,95,73,74,16.5,0.0811,true
174,12 Years a Slave,« Je ne veux pas survivre; je veux vivre »,—,status,,100,72,80,0.0,0.0000,true
174,12 Years a Slave,Le fouet sur Patsey,Drame,phys,75,95,73,69,51.7,0.2319,true
174,12 Years a Slave,Pendu sur la pointe des pieds,—,status,,100,73,0,,,false
174,12 Years a Slave,Le violon brisé,Drame,spe,75,95,73,53,27.2,0.1132,true
174,12 Years a Slave,La lettre cachée,Drame,spe,80,95,72,198,34.2,0.1162,true
174,12 Years a Slave,Epps le tyran,Drame,spe,70,100,73,2,38.0,0.0000,true
175,Green Book,Le Negro Motorist Green Book,—,status,,100,73,45,0.0,0.0000,false
175,Green Book,Le poulet frit en voiture,—,status,,100,73,159,0.0,0.0000,true
175,Green Book,La lettre à Dolores,Drame,spe,75,95,73,96,30.5,0.0833,true
175,Green Book,Le piano de Don Shirley,Drame,spe,80,90,72,207,33.7,0.1304,true
175,Green Book,Les poings de Tony,Comédie,phys,65,100,73,141,28.5,0.1064,true
175,Green Book,La dignité,—,status,,100,72,13,0.0,0.0000,false
176,The Shape of Water,Les œufs durs,Romance,spe,75,95,72,202,35.8,0.1485,true
176,The Shape of Water,La salle de bain inondée,—,status,,100,73,135,0.0,0.0000,true
176,The Shape of Water,L'homme-amphibien,Fantastique,phys,90,85,72,128,33.0,0.1406,true
176,The Shape of Water,Le langage des signes,—,status,,100,73,13,0.0,0.0000,false
176,The Shape of Water,Strickland l'aiguillon,—,status,,100,73,0,,,false
176,The Shape of Water,La comédie musicale rêvée,Romance,spe,65,95,73,91,35.8,0.1209,true
177,Children of Men,Le premier né en 18 ans,Science-Fiction,spe,75,95,72,53,43.1,0.0943,true
177,Children of Men,Le plan-séquence de Bexhill,Thriller,phys,90,85,73,257,56.5,0.2062,true
177,Children of Men,Les Poissons,—,status,,100,72,0,,,false
177,Children of Men,Le silence sous les pleurs,—,status,,100,73,103,0.0,0.0000,true
177,Children of Men,La fuite de Kee,Science-Fiction,spe,80,95,73,205,37.5,0.1366,true
177,Children of Men,Le monde stérile,Science-Fiction,spe,55,100,73,9,31.9,0.1111,true
178,Gravity,La pluie de débris,Science-Fiction,phys,75,90,73,89,46.8,0.1910,true
178,Gravity,« Je déteste l'espace »,—,status,,100,72,69,0.0,0.0000,true
178,Gravity,La dérive dans le vide,Science-Fiction,phys,75,95,73,138,41.5,0.1812,true
178,Gravity,Kowalski le calme,—,status,,100,73,69,0.0,0.0000,true
178,Gravity,La capsule Soyouz,—,status,,100,72,0,,,false
178,Gravity,L'amerrissage,Thriller,spe,75,100,73,95,37.9,0.1474,true
179,Le Labyrinthe de Pan,Le Faune,Fantastique,spe,75,95,73,99,31.9,0.0808,true
179,Le Labyrinthe de Pan,L'Homme Pâle,Fantastique,phys,85,95,73,180,38.8,0.1111,true
179,Le Labyrinthe de Pan,La racine de mandragore,—,status,,100,72,109,0.0,0.0000,true
179,Le Labyrinthe de Pan,Le Capitaine Vidal,—,status,,100,73,20,0.0,0.0000,false
179,Le Labyrinthe de Pan,La craie magique,—,status,,100,73,9,0.0,0.0000,false
179,Le Labyrinthe de Pan,Le sacrifice d'Ofelia,Drame,spe,80,90,72,163,33.1,0.1227,true
180,Hell or High Water,Les braquages de banque,Crime,phys,85,95,72,157,49.7,0.2420,true
180,Hell or High Water,Sauver le ranch familial,—,status,,100,72,94,0.0,0.0000,true
180,Hell or High Water,Tanner le tête brûlée,Crime,phys,70,100,72,56,40.7,0.1786,true
180,Hell or High Water,Le Ranger Marcus Hamilton,Western,spe,75,95,72,64,28.9,0.0625,true
180,Hell or High Water,Le blanchiment au casino,Crime,spe,80,95,72,46,37.7,0.0870,true
180,Hell or High Water,Le duel sur la colline,Western,spe,55,100,72,26,25.9,0.1923,true
181,Wind River,La traque dans la neige,Thriller,spe,75,95,72,168,40.8,0.1310,true
181,Wind River,Le fusil de précision,Crime,phys,80,95,72,150,36.9,0.1733,true
181,Wind River,Les six kilomètres pieds nus,—,status,,100,72,0,,,false
181,Wind River,Le calme du pisteur,Crime,spe,80,95,72,91,39.3,0.0989,true
181,Wind River,La fusillade au camp pétrolier,Crime,phys,75,90,72,23,42.7,0.0870,true
181,Wind River,Le poids du deuil,Thriller,spe,60,100,72,82,40.4,0.1463,true
182,The Big Short,Parier contre la banque,Comédie,spe,75,95,72,110,40.7,0.1636,true
182,The Big Short,Margot Robbie dans son bain,Drame,spe,80,95,73,108,36.6,0.1204,true
182,The Big Short,La tour de Jenga,Comédie,spe,70,95,73,51,45.3,0.1176,true
182,The Big Short,Le credit default swap,Drame,spe,80,95,72,109,36.7,0.1284,true
182,The Big Short,« Tout le monde le savait »,—,status,,100,73,72,0.0,0.0000,true
182,The Big Short,L'effondrement de 2008,Drame,spe,65,95,73,0,,,true
183,Moneyball,La sabermétrie,Drame,spe,75,95,72,13,22.5,0.3846,true
183,Moneyball,« Comment ne pas être romantique avec le baseball ? »,—,status,,100,73,73,0.0,0.0000,true
183,Moneyball,Peter Brand,Drame,spe,80,95,73,50,30.3,0.1000,true
183,Moneyball,La série de 20 victoires,Drame,spe,85,95,72,195,30.9,0.0821,true
183,Moneyball,Ignorer les recruteurs,Drame,spe,70,95,73,0,,,true
183,Moneyball,Le home run de Hatteberg,Drame,phys,55,100,73,59,51.3,0.1356,true
184,Ford v Ferrari,« À 7000 tours; tout s'efface »,—,status,,100,72,0,,,false
184,Ford v Ferrari,Les 24 Heures du Mans,Action,phys,80,95,72,240,35.1,0.1208,true
184,Ford v Ferrari,Carroll Shelby,Action,phys,75,95,72,34,36.2,0.1176,true
184,Ford v Ferrari,La clé à molette lancée,Drame,phys,80,95,72,223,40.6,0.1390,true
184,Ford v Ferrari,Doubler la Ferrari,Action,phys,65,100,72,7,47.7,0.1429,true
184,Ford v Ferrari,Freiner au dernier moment,—,status,,100,72,0,,,false
185,Rush,La rivalité Lauda-Hunt,—,status,,100,72,71,0.0,0.0000,true
185,Rush,L'accident du Nürburgring,Action,phys,85,95,73,185,72.3,0.3946,true
185,Rush,Le retour 42 jours après,—,status,,100,73,67,0.0,0.0000,true
185,Rush,Le calcul du « rat »,Drame,phys,75,95,73,159,67.9,0.3396,true
185,Rush,Le panache de James Hunt,—,status,,100,73,67,0.0,0.0000,true
185,Rush,Le Grand Prix du Japon,Action,spe,75,95,72,39,37.3,0.1282,true
186,The Imitation Game,« Ce sont parfois ceux qu'on n'imagine capables de rien… »,—,status,,100,72,0,,,false
186,The Imitation Game,Casser Enigma,Thriller,spe,75,95,72,84,45.6,0.2262,true
186,The Imitation Game,Christopher,Thriller,spe,80,95,73,247,47.3,0.1903,true
186,The Imitation Game,Le poids du secret,—,status,,100,73,0,,,false
186,The Imitation Game,Le recrutement par mots croisés,Drame,spe,80,95,73,178,39.1,0.1517,true
186,The Imitation Game,La solitude du génie,Drame,spe,55,100,73,31,30.4,0.1935,true
187,Ex Machina,Le test de Turing,Science-Fiction,spe,75,95,72,54,49.4,0.2222,true
187,Ex Machina,La danse disco,Thriller,spe,80,95,72,119,47.1,0.1597,true
187,Ex Machina,Kyoko,Thriller,phys,60,100,72,27,62.6,0.1481,true
187,Ex Machina,La séduction d'Ava,—,status,,100,72,72,0.0,0.0000,true
187,Ex Machina,L'évasion,Thriller,phys,80,95,72,137,65.6,0.2263,true
187,Ex Machina,La peau humaine,—,status,,100,72,0,,,false
188,Annihilation,Le Chatoiement,Science-Fiction,phys,75,95,72,191,38.4,0.1623,true
188,Annihilation,L'ours qui hurle,Horreur,phys,85,95,72,142,24.1,0.1127,true
188,Annihilation,La mutation cellulaire,—,status,,100,73,3,0.0,0.0000,false
188,Annihilation,Le double mimétique,Horreur,phys,80,95,73,30,19.9,0.0667,true
188,Annihilation,Les fleurs humanoïdes,Science-Fiction,phys,70,95,73,117,36.2,0.1026,true
188,Annihilation,L'autodestruction,Horreur,spe,80,90,73,43,25.4,0.0930,true
189,Looper,Le tueur du futur,Action,phys,85,95,72,135,30.8,0.0963,true
189,Looper,Joe contre le vieux Joe,Action,spe,75,95,73,17,45.1,0.1765,true
189,Looper,Le Rainmaker,—,status,,100,73,0,,,false
189,Looper,Le diner,Action,spe,80,95,73,168,32.7,0.0952,true
189,Looper,La télékinésie de Cid,Science-Fiction,spe,80,90,72,107,35.5,0.1308,true
189,Looper,Le sacrifice final,—,status,,100,73,0,,,false
190,Edge of Tomorrow,Mourir; recommencer,—,status,,100,72,0,,,false
190,Edge of Tomorrow,« Full Metal Bitch »,Action,spe,75,95,72,44,30.4,0.1136,true
190,Edge of Tomorrow,L'exosquelette de combat,Action,phys,85,95,73,171,34.0,0.1111,true
190,Edge of Tomorrow,Apprendre chaque mouvement,Action,spe,80,95,73,136,37.3,0.1103,true
190,Edge of Tomorrow,L'Oméga,Science-Fiction,spe,70,95,73,100,41.9,0.1800,true
190,Edge of Tomorrow,« Retrouve-moi quand tu te réveilles »,Action,phys,60,100,73,2,88.5,0.0000,true
191,Minority Report,« Au nom du Pré-Crime; je vous arrête pour le meurtre que vous alliez commettre »,Science-Fiction,spe,75,95,72,53,48.5,0.2642,true
191,Minority Report,Les pré-cogs,Thriller,spe,80,95,73,223,49.7,0.2108,true
191,Minority Report,La bille de bois,—,status,,100,73,0,,,false
191,Minority Report,Les yeux échangés,—,status,,100,73,0,,,false
191,Minority Report,Les jetpacks de la police,Science-Fiction,phys,85,95,73,143,44.7,0.1189,true
191,Minority Report,Le rapport minoritaire,Thriller,spe,65,95,72,99,44.0,0.1515,true
192,A.I. Intelligence artificielle,La Fée Bleue,Science-Fiction,spe,75,95,73,150,38.8,0.1733,true
192,A.I. Intelligence artificielle,L'amour imprimé,—,status,,100,73,88,0.0,0.0000,true
192,A.I. Intelligence artificielle,Gigolo Joe,—,status,,100,73,0,,,false
192,A.I. Intelligence artificielle,La Foire à la Chair,Drame,spe,60,100,73,86,26.0,0.0930,true
192,A.I. Intelligence artificielle,2000 ans sous la glace,Drame,spe,80,90,72,161,31.3,0.1118,true
192,A.I. Intelligence artificielle,Le dernier jour parfait,—,status,,100,72,173,0.0,0.0000,true
193,Ready Player One,La chasse à l'Easter Egg,Science-Fiction,phys,75,95,72,75,34.7,0.1200,true
193,Ready Player One,La course de la première clé,Aventure,phys,80,95,73,135,32.7,0.1333,true
193,Ready Player One,La DeLorean,—,status,,100,73,65,0.0,0.0000,true
193,Ready Player One,Faire marche arrière,Aventure,phys,80,95,72,136,33.3,0.1691,true
193,Ready Player One,Le Géant de Fer,Science-Fiction,phys,70,100,73,31,41.0,0.1290,true
193,Ready Player One,La pièce de l'extra-vie,Aventure,phys,70,95,73,10,27.9,0.0000,true
194,The Fabelmans,La caméra de Sammy,Drame,spe,75,95,72,88,32.2,0.1136,true
194,The Fabelmans,Le secret au montage,Drame,spe,80,95,72,304,28.0,0.1283,true
194,The Fabelmans,Le train qui déraille,—,status,,100,72,0,,,false
194,The Fabelmans,Filmer son tortionnaire en héros,Drame,spe,70,100,72,89,30.9,0.1124,true
194,The Fabelmans,« L'art te brisera le cœur »,Drame,spe,60,100,72,0,,,true
194,The Fabelmans,« Mets l'horizon en haut ou en bas »,Drame,spe,70,95,72,6,27.0,0.0000,true
195,West Side Story,« Maria »,—,status,,100,72,1,0.0,0.0000,false
195,West Side Story,Le bal au gymnase,—,status,,100,72,74,0.0,0.0000,true
195,West Side Story,Les Jets contre les Sharks,Drame,phys,80,95,72,111,50.6,0.1982,true
195,West Side Story,« Tonight »,Romance,spe,75,100,72,89,36.5,0.1124,true
195,West Side Story,« America »,Romance,spe,75,95,72,20,35.3,0.1000,true
195,West Side Story,Le claquement de doigts,Drame,spe,80,95,72,102,32.2,0.0980,true
196,Babylon,La fête décadente,—,status,,100,72,61,0.0,0.0000,true
196,Babylon,Nellie LaRoy,—,status,,100,72,50,0.0,0.0000,true
196,Babylon,L'éléphant,Comédie,phys,60,100,73,0,,,true
196,Babylon,Le tournage chaotique,Comédie,phys,75,95,73,71,54.5,0.1831,true
196,Babylon,La descente aux enfers,Drame,spe,80,95,73,71,37.6,0.1972,true
196,Babylon,Le passage au parlant,Comédie,phys,80,95,73,152,65.5,0.2237,true
197,The Northman,Le serment de vengeance,—,status,,100,73,81,0.0,0.0000,true
197,The Northman,Le raid berserker,Action,phys,75,90,73,1,0.0,0.0000,true
197,The Northman,La Valkyrie,—,status,,100,73,0,,,false
197,The Northman,Le duel au volcan Hekla,Action,phys,80,95,72,243,50.1,0.2510,true
197,The Northman,La meute de loups,Action,phys,75,95,72,91,59.3,0.2637,true
197,The Northman,L'épée Draugr,Action,phys,75,95,73,36,61.5,0.1944,true
198,The Banshees of Inisherin,« Je ne t'aime plus »,—,status,,100,72,3,0.0,0.0000,false
198,The Banshees of Inisherin,Les doigts coupés,Drame,phys,65,95,72,33,26.2,0.0000,true
198,The Banshees of Inisherin,L'ânesse Jenny,—,status,,100,72,106,0.0,0.0000,true
198,The Banshees of Inisherin,La querelle absurde,—,status,,100,72,0,,,false
198,The Banshees of Inisherin,La maison incendiée,Drame,phys,90,85,72,86,30.8,0.0814,true
198,The Banshees of Inisherin,L'île coupée du monde,Drame,spe,75,95,72,231,31.9,0.0952,true
199,Aftersun,Le caméscope MiniDV,Drame,spe,75,95,72,7,29.4,0.0000,true
199,Aftersun,La danse sous « Under Pressure »,Drame,spe,80,95,73,253,27.9,0.1028,true
199,Aftersun,Le tapis turc,—,status,,100,73,0,,,false
199,Aftersun,La mélancolie de Calum,Drame,spe,80,95,73,215,26.6,0.1209,true
199,Aftersun,Le karaoké refusé,Drame,spe,70,95,72,0,,,true
199,Aftersun,La piscine au crépuscule,Drame,spe,60,100,73,0,,,true
200,Past Lives,« In-yun »,—,status,,100,73,0,,,false
200,Past Lives,24 ans plus tard,Romance,spe,55,95,73,44,19.7,0.0455,true
200,Past Lives,« Dans une autre vie »,—,status,,100,72,82,0.0,0.0000,true
200,Past Lives,L'adieu sur le trottoir,Drame,spe,70,100,72,98,33.2,0.1224,true
200,Past Lives,L'appel vidéo,Romance,spe,75,95,73,182,33.9,0.0714,true
200,Past Lives,Le choix de rester,—,status,,100,73,84,0.0,0.0000,true
201,The Whale,L'essai sur Moby Dick,—,status,,100,73,189,0.0,0.0000,true
201,The Whale,« Qui voudrait de moi dans sa vie ? »,—,status,,100,73,20,0.0,0.0000,false
201,The Whale,Renouer avec Ellie,Drame,spe,75,95,72,110,29.2,0.0818,true
201,The Whale,La franchise brutale d'Ellie,Drame,spe,60,100,72,89,29.3,0.1573,true
201,The Whale,Se lever seul,Drame,spe,80,90,73,245,29.8,0.1061,true
201,The Whale,La fenêtre tenue fermée,—,status,,100,73,116,0.0,0.0000,true
202,Tár,La baguette de Lydia Tár,Drame,spe,75,95,73,34,14.9,0.0294,true
202,Tár,Le métronome la nuit,Drame,spe,80,95,73,368,31.3,0.1114,true
202,Tár,L'humiliation de l'étudiant,—,status,,100,73,0,,,false
202,Tár,La chute publique,Drame,spe,80,90,73,114,26.0,0.0877,true
202,Tár,L'agression sur scène,Drame,phys,65,100,72,0,,,true
202,Tár,« Cobra »,Drame,spe,70,95,72,17,8.8,0.0588,true
203,Decision to Leave,La filature du détective,Thriller,spe,75,95,72,65,35.7,0.1538,true
203,Decision to Leave,Le meurtre en montagne,Romance,spe,80,95,72,82,43.6,0.1585,true
203,Decision to Leave,L'insomnie,Romance,spe,60,95,72,5,3.6,0.0000,true
203,Decision to Leave,« Je suis devenu fou de toi »,—,status,,100,72,74,0.0,0.0000,true
203,Decision to Leave,La marée qui efface tout,Thriller,spe,85,95,72,185,43.4,0.1405,true
203,Decision to Leave,L'enregistrement vocal,Romance,spe,70,95,72,13,39.7,0.0769,true
204,Memories of Murder,Les deux flics,Thriller,spe,75,95,73,54,34.3,0.1296,true
204,Memories of Murder,Le coup de pied volant,Crime,phys,75,95,73,33,34.6,0.1212,true
204,Memories of Murder,La rizière sous la pluie,Thriller,spe,80,95,73,114,40.1,0.1579,true
204,Memories of Murder,Les aveux extorqués,Crime,spe,70,95,73,80,44.4,0.1875,true
204,Memories of Murder,« Aux jours de pluie; en rouge »,Thriller,spe,85,95,72,266,51.1,0.1880,true
204,Memories of Murder,Le regard caméra final,Thriller,spe,70,100,72,6,26.0,0.1667,true
205,Burning,Le chat invisible,Thriller,spe,75,95,73,196,44.5,0.1888,true
205,Burning,« Je brûle des serres »,—,status,,100,73,0,,,false
205,Burning,La danse au crépuscule,—,status,,100,72,0,,,false
205,Burning,La disparition de Haemi,Drame,spe,80,95,73,210,39.1,0.1381,true
205,Burning,La grande faim,Drame,spe,70,100,73,25,32.6,0.2000,true
205,Burning,Le couteau dans la neige,Thriller,phys,85,95,72,80,43.7,0.1500,true
206,Snowpiercer,La queue du train,—,status,,100,73,72,0.0,0.0000,true
206,Snowpiercer,« Garde ta place »,—,status,,100,73,0,,,false
206,Snowpiercer,Les barres de protéines,Science-Fiction,phys,75,95,72,213,53.3,0.2254,true
206,Snowpiercer,Le wagon des haches,Action,phys,75,90,73,79,42.4,0.1899,true
206,Snowpiercer,Le Moteur Éternel,—,status,,100,72,73,0.0,0.0000,true
206,Snowpiercer,Le Kronole,Action,spe,80,90,73,60,27.8,0.1333,true
207,Jurassic Park,« Accrochez-vous à vos slips »,—,status,,100,130,188,0.0,0.0000,true
207,Jurassic Park,Le T-Rex sous la pluie,Aventure,phys,90,85,130,613,64.5,0.2463,true
207,Jurassic Park,Les ronds dans le verre d'eau,—,status,,100,130,20,0.0,0.0000,false
207,Jurassic Park,« Maligne; la fille »,Aventure,phys,75,100,130,285,54.0,0.1860,true
207,Jurassic Park,« Mr ADN »,Aventure,phys,75,95,130,47,31.3,0.0426,true
207,Jurassic Park,« Bienvenue à Jurassic Park »,—,status,,100,130,226,0.0,0.0000,true
208,Shutter Island,L'enquête sur Ashecliffe,Thriller,spe,75,95,73,148,52.2,0.1892,true
208,Shutter Island,L'ouragan,Drame,spe,80,95,73,63,43.2,0.1746,true
208,Shutter Island,Les migraines et les visions,Thriller,spe,70,95,73,76,45.1,0.1711,true
208,Shutter Island,Le phare,Drame,spe,85,95,73,211,47.9,0.1517,true
208,Shutter Island,Le patient 67,Drame,spe,80,95,72,31,37.3,0.1935,true
208,Shutter Island,Andrew Laeddis,Thriller,spe,60,100,72,13,47.8,0.1538,true
209,Drive,Le blouson au scorpion,—,status,,100,73,83,0.0,0.0000,true
209,Drive,« Tu me donnes cinq minutes »,—,status,,100,73,0,,,false
209,Drive,La poursuite nocturne,Action,phys,90,85,73,199,51.1,0.1910,true
209,Drive,La scène de l'ascenseur,Crime,phys,70,100,73,86,47.9,0.1628,true
209,Drive,Le marteau et la balle dans la bouche,—,status,,100,72,0,,,false
209,Drive,« A Real Hero »,Action,spe,75,95,72,120,30.7,0.1167,true
210,La Chasse,Le mensonge de l'enfant,—,status,,100,73,0,,,false
210,La Chasse,La rumeur qui enfle,Drame,spe,75,95,72,87,26.0,0.1034,true
210,La Chasse,« Regarde-moi dans les yeux »,—,status,,100,73,94,0.0,0.0000,true
210,La Chasse,Le bannissement,Drame,spe,80,95,73,201,29.2,0.0896,true
210,La Chasse,Le coup de poing au supermarché,Drame,phys,80,90,72,100,46.2,0.1600,true
210,La Chasse,Le coup de fusil dans la forêt,Drame,spe,70,100,73,16,26.3,0.1250,true
211,Warrior,Le tournoi Sparta,—,status,,100,72,73,0.0,0.0000,true
211,Warrior,Tommy le tank,Action,phys,80,95,73,202,61.4,0.2822,true
211,Warrior,Brendan le prof de physique,—,status,,100,73,83,0.0,0.0000,true
211,Warrior,Paddy le père repenti,Action,phys,75,95,73,99,60.5,0.2828,true
211,Warrior,La clé de bras,Action,phys,70,100,72,23,41.1,0.3043,true
211,Warrior,« Je t'aime; Tommy »,Drame,spe,60,100,73,43,35.9,0.1628,true
212,Joker,La danse dans l'escalier,—,status,,100,130,38,0.0,0.0000,false
212,Joker,« Fais bonne figure »,Crime,spe,75,95,130,176,38.0,0.0852,true
212,Joker,Le métro,Crime,phys,90,85,130,68,29.8,0.0735,true
212,Joker,Le rire incontrôlable,Crime,spe,80,95,130,514,39.4,0.1206,true
212,Joker,Le Murray Show,Crime,phys,75,100,130,16,10.8,0.0625,true
212,Joker,« Tu récoltes ce que tu sèmes »,Drame,spe,65,95,130,491,36.5,0.1120,true
213,Logan,Les griffes fatiguées,Action,phys,85,95,73,211,40.2,0.1374,true
213,Logan,Laura / X-23,Drame,phys,75,95,73,127,45.5,0.1969,true
213,Logan,Charles Xavier,—,status,,100,72,0,,,false
213,Logan,La ferme des Munson,—,status,,100,72,159,0.0,0.0000,true
213,Logan,La balle en adamantium,Action,phys,80,90,73,99,34.4,0.1212,true
213,Logan,La croix de bois renversée,Drame,spe,55,100,73,108,20.3,0.0648,true
214,Blue Velvet,L'oreille coupée dans l'herbe,Thriller,spe,75,95,72,167,41.2,0.1497,true
214,Blue Velvet,Frank Booth,Crime,phys,80,95,73,109,48.4,0.2018,true
214,Blue Velvet,« Pabst Blue Ribbon ! »,—,status,,100,72,82,0.0,0.0000,true
214,Blue Velvet,Dorothy Vallens,—,status,,100,73,0,,,false
214,Blue Velvet,« In Dreams »,Thriller,spe,55,100,73,41,31.6,0.0000,true
214,Blue Velvet,Le placard à persiennes,—,status,,100,73,4,0.0,0.0000,false
215,L'Amour ouf,Le coup de foudre au lycée,Romance,spe,75,95,73,111,43.0,0.0811,true
215,L'Amour ouf,La bande sur fond de new wave,—,status,,100,73,78,0.0,0.0000,true
215,L'Amour ouf,Le braquage qui dérape,Drame,phys,90,85,72,63,41.7,0.1270,true
215,L'Amour ouf,Les années perdues,—,status,,100,73,32,0.0,0.0000,false
215,L'Amour ouf,La danse retrouvée,Romance,spe,60,100,72,27,32.1,0.1481,true
215,L'Amour ouf,Le cœur qui s'emballe,—,status,,100,73,105,0.0,0.0000,true
216,Pervert!,Hommage à Russ Meyer,Comédie,phys,75,95,73,70,30.1,0.0714,true
216,Pervert!,Le tueur le plus improbable,Horreur,phys,80,90,73,51,23.2,0.0980,true
216,Pervert!,Les sculptures de viande,Comédie,phys,80,95,73,177,34.7,0.1356,true
216,Pervert!,Hezekiah; le père obsédé,—,status,,100,72,85,0.0,0.0000,true
216,Pervert!,La caméra à la Evil Dead,—,status,,100,72,4,0.0,0.0000,false
216,Pervert!,Le ranch perdu dans le désert,Horreur,phys,55,100,73,8,27.0,0.2500,true
217,Junk Head,Le monde souterrain,—,status,,100,73,92,0.0,0.0000,true
217,Junk Head,Les Marigans,Science-Fiction,phys,80,95,72,126,29.2,0.1270,true
217,Junk Head,Le corps de remplacement,Animation,spe,75,95,73,93,40.1,0.0645,true
217,Junk Head,Le stop-motion organique,Science-Fiction,spe,80,95,72,173,33.3,0.1156,true
217,Junk Head,L'exploration patiente,Animation,spe,70,95,73,54,39.2,0.1296,true
217,Junk Head,La fusion chair-métal,Science-Fiction,spe,60,100,73,21,35.6,0.1429,true
218,Mad God,L'Assassin,—,status,,100,73,115,0.0,0.0000,true
218,Mad God,Le monde infernal,Horreur,spe,85,95,73,82,18.2,0.1341,true
218,Mad God,Les créatures de Tippett,Animation,phys,80,90,73,211,50.0,0.1943,true
218,Mad God,Le silence total,Horreur,phys,75,95,73,100,38.7,0.2000,true
218,Mad God,La naissance grotesque,—,status,,100,72,33,0.0,0.0000,false
218,Mad God,Le sablier,—,status,,100,72,5,0.0,0.0000,false
219,McWalter,L'agent vedette de la NUS,Comédie,phys,75,95,73,59,25.1,0.0847,true
219,McWalter,Accusé à tort,Action,phys,80,95,73,156,25.6,0.0641,true
219,McWalter,La cascade parodique,Action,phys,70,100,73,70,26.2,0.0571,true
219,McWalter,L'humour absurde de Mister V,Action,phys,70,95,73,13,32.6,0.0769,true
219,McWalter,Le complot mondial,Action,spe,65,95,72,35,17.5,0.0286,true
219,McWalter,Le sang-froid de pacotille,—,status,,100,72,0,,,false
220,Y a-t-il un flic pour sauver la reine ?,La maladresse de Drebin,Comédie,spe,75,95,73,77,21.4,0.1299,true
220,Y a-t-il un flic pour sauver la reine ?,« Joli castor ! »,—,status,,100,73,121,0.0,0.0000,true
220,Y a-t-il un flic pour sauver la reine ?,Le match des Angels,Comédie,spe,80,95,73,153,28.9,0.0980,true
220,Y a-t-il un flic pour sauver la reine ?,Le gant chargé,Comédie,phys,80,90,72,87,42.2,0.2299,true
220,Y a-t-il un flic pour sauver la reine ?,Reggie Jackson hypnotisé,—,status,,100,73,0,,,false
220,Y a-t-il un flic pour sauver la reine ?,La fusillade burlesque,Comédie,phys,60,100,72,29,34.4,0.0690,true
221,Y a-t-il un flic pour sauver le président ?,Le retour de Drebin,—,status,,100,72,0,,,false
221,Y a-t-il un flic pour sauver le président ?,Le lobby de l'énergie,—,status,,100,73,0,,,false
221,Y a-t-il un flic pour sauver le président ?,Le Blue Note,Comédie,spe,75,95,73,116,25.0,0.0948,true
221,Y a-t-il un flic pour sauver le président ?,Les quiproquos en série,Comédie,phys,70,100,72,38,29.8,0.1579,true
221,Y a-t-il un flic pour sauver le président ?,Le plan Hexagon,Comédie,spe,80,95,73,263,23.7,0.0722,true
221,Y a-t-il un flic pour sauver le président ?,La gaffe salvatrice,Comédie,phys,65,95,73,11,15.8,0.1818,true
222,Y a-t-il un flic pour sauver Hollywood ?,La cérémonie des Oscars,Comédie,spe,75,95,72,54,26.1,0.1111,true
222,Y a-t-il un flic pour sauver Hollywood ?,La bombe cachée,Comédie,spe,80,95,73,117,29.6,0.1197,true
222,Y a-t-il un flic pour sauver Hollywood ?,Drebin à la retraite,—,status,,100,73,71,0.0,0.0000,true
222,Y a-t-il un flic pour sauver Hollywood ?,Le gag recyclé,Comédie,phys,70,95,73,59,37.5,0.1017,true
222,Y a-t-il un flic pour sauver Hollywood ?,La fusillade molle,Comédie,phys,65,95,72,19,53.1,0.1053,true
222,Y a-t-il un flic pour sauver Hollywood ?,Le clin d'œil parodique,—,status,,100,73,0,,,false
223,Y a-t-il un flic pour sauver le monde ?,Drebin Jr.,—,status,,100,73,81,0.0,0.0000,true
223,Y a-t-il un flic pour sauver le monde ?,Liam Neeson au premier degré,Comédie,phys,75,95,73,52,27.8,0.1154,true
223,Y a-t-il un flic pour sauver le monde ?,Le reboot,—,status,,100,73,0,,,false
223,Y a-t-il un flic pour sauver le monde ?,La cascade ratée,Comédie,phys,75,95,72,48,24.6,0.0625,true
223,Y a-t-il un flic pour sauver le monde ?,Le quiproquo moderne,Comédie,phys,80,95,73,182,34.2,0.1484,true
223,Y a-t-il un flic pour sauver le monde ?,La gaffe finale,Comédie,phys,60,100,72,0,,,true
224,Le Complexe du castor,La marionnette castor,Drame,spe,75,95,72,118,25.9,0.1102,true
224,Le Complexe du castor,La dépression,—,status,,100,72,0,,,false
224,Le Complexe du castor,La voix du castor,—,status,,100,73,76,0.0,0.0000,true
224,Le Complexe du castor,L'entreprise relancée,Drame,spe,80,95,73,244,30.0,0.1885,true
224,Le Complexe du castor,Se débarrasser de la marionnette,Drame,phys,70,95,73,78,50.9,0.2308,true
224,Le Complexe du castor,La famille à bout,Drame,spe,65,95,73,22,20.6,0.0455,true
225,teeth,La morsure fatale,Horreur,phys,85,95,73,119,27.2,0.1765,true
225,teeth,Le groupe de chasteté,—,status,,100,73,70,0.0,0.0000,true
225,teeth,La punition karmique,—,status,,100,72,20,0.0,0.0000,false
225,teeth,La découverte du « pouvoir »,Comédie,phys,75,95,73,154,44.0,0.2403,true
225,teeth,Le sourire vengeur,—,status,,100,72,71,0.0,0.0000,true
225,teeth,Le chien qui rôde,Comédie,phys,55,100,73,49,31.3,0.1633,true
226,knock knock,« C'était une pizza gratuite ! »,—,status,,100,73,20,0.0,0.0000,false
226,knock knock,Les deux inconnues sous la pluie,Thriller,phys,75,95,73,154,35.0,0.1558,true
226,knock knock,Le piège se referme,Horreur,phys,80,95,73,107,21.4,0.0841,true
226,knock knock,Le jeu sadique,Horreur,phys,80,90,73,49,18.0,0.0816,true
226,knock knock,Enterré jusqu'au cou,—,status,,100,72,20,0.0,0.0000,false
226,knock knock,La culpabilité,Thriller,spe,60,100,72,113,29.7,0.1239,true
227,Српски филм,La réputation sulfureuse,—,status,,100,73,87,0.0,0.0000,false
227,Српски филм,La transgression érigée en principe,—,status,,100,73,126,0.0,0.0000,true
227,Српски филм,Le malaise,Horreur,phys,75,95,72,64,24.2,0.0938,true
227,Српски филм,Le choc frontal,Horreur,phys,70,100,73,13,29.1,0.0769,true
227,Српски филм,La censure mondiale,Horreur,phys,80,95,72,164,23.7,0.1402,true
227,Српски филм,La métaphore noyée,Horreur,spe,65,95,73,25,7.6,0.0400,true
228,The Human Centipede,Le docteur Heiter,—,status,,100,73,93,0.0,0.0000,false
228,The Human Centipede,« 100% médicalement exact »,—,status,,100,73,143,0.0,0.0000,true
228,The Human Centipede,L'opération,Horreur,phys,75,95,72,31,24.4,0.0968,true
228,The Human Centipede,Le bistouri,Horreur,phys,75,100,72,57,26.6,0.0526,true
228,The Human Centipede,La tentative d'évasion,Horreur,phys,80,95,73,133,23.3,0.0602,true
228,The Human Centipede,Le huis clos verrouillé,Horreur,spe,55,100,73,28,2.9,0.0357,true
229,The Human Centipede II,Martin l'obsédé,Horreur,phys,75,95,73,133,20.2,0.0451,true
229,The Human Centipede II,Le noir et blanc crasseux,—,status,,100,73,114,0.0,0.0000,false
229,The Human Centipede II,Le garage,Horreur,phys,80,95,72,279,19.8,0.0753,true
229,The Human Centipede II,La méta-horreur,Horreur,phys,70,95,73,2,0.0,0.0000,true
229,The Human Centipede II,Le coup sourd,Horreur,phys,70,100,73,36,10.3,0.0556,true
229,The Human Centipede II,La surenchère,Horreur,spe,60,100,72,8,14.1,0.0000,true
230,The Human Centipede III,Le directeur Bill Boss,—,status,,100,73,152,0.0,0.0000,true
230,The Human Centipede III,Le « projet » carcéral,Horreur,phys,75,95,73,70,23.7,0.1714,true
230,The Human Centipede III,Les vociférations de Dieter Laser,Horreur,phys,80,95,74,162,19.5,0.0679,true
230,The Human Centipede III,La cruauté outrancière,Horreur,phys,70,100,73,24,23.8,0.0417,true
230,The Human Centipede III,Le délire absurde,Horreur,phys,70,95,73,8,0.0,0.0000,true
230,The Human Centipede III,La boucle bouclée,Horreur,spe,65,95,74,17,12.9,0.0000,true
231,Tusk,Mr. Tusk,Horreur,phys,85,95,73,169,23.8,0.0592,true
231,Tusk,« L'homme est-il un morse; au fond ? »,—,status,,100,73,132,0.0,0.0000,false
231,Tusk,Le récit hypnotique,Horreur,phys,75,95,73,33,17.9,0.0303,true
231,Tusk,La transformation,Horreur,spe,60,100,72,64,8.9,0.0156,true
231,Tusk,Le podcast moqueur,Horreur,phys,80,95,73,80,15.8,0.0125,true
231,Tusk,Le coup de défense,Horreur,phys,50,100,72,48,2.6,0.2708,true
232,Le Bruit des glaçons,« Bonjour; je suis votre cancer »,—,status,,100,72,0,,,false
232,Le Bruit des glaçons,L'écrivain alcoolique,—,status,,100,73,93,0.0,0.0000,true
232,Le Bruit des glaçons,Le verre de trop,Drame,spe,60,100,73,55,21.6,0.1273,true
232,Le Bruit des glaçons,Le dialogue absurde,Drame,spe,75,95,73,169,23.9,0.1361,true
232,Le Bruit des glaçons,La tumeur tenace,Drame,phys,65,100,72,118,27.1,0.1186,true
232,Le Bruit des glaçons,Le déni,—,status,,100,73,49,0.0,0.0000,true
233,Paprika,Le DC Mini,—,status,,100,73,0,,,false
233,Paprika,La parade des objets,Animation,phys,85,95,73,171,38.9,0.1170,true
233,Paprika,Paprika,—,status,,100,73,0,,,false
233,Paprika,Le cauchemar partagé,Animation,spe,70,100,73,187,41.6,0.1337,true
233,Paprika,Le papillon,—,status,,100,72,0,,,false
233,Paprika,La chute entre les réalités,Science-Fiction,spe,65,95,72,110,32.7,0.1000,true
234,Le Boulevard de la mort,Stuntman Mike,—,status,,100,72,87,0.0,0.0000,true
234,Le Boulevard de la mort,Le crash frontal,Action,phys,90,85,73,244,48.0,0.1844,true
234,Le Boulevard de la mort,« Ship's Mast »,Action,phys,70,100,73,31,29.4,0.0645,true
234,Le Boulevard de la mort,La carrosserie « death proof »,—,status,,100,73,0,,,false
234,Le Boulevard de la mort,La drague au bar,Action,phys,75,95,72,103,44.3,0.1650,true
234,Le Boulevard de la mort,La revanche au volant,Action,spe,55,100,73,5,18.6,0.0000,true
235,saw,« Je veux jouer à un jeu »,Horreur,phys,110,60,73,12,14.9,0.0833,true
235,saw,Le piège à ours inversé,Horreur,phys,80,95,73,52,26.8,0.1154,true
235,saw,La scie à métaux,Thriller,phys,70,95,73,101,45.0,0.2277,true
235,saw,Le magnétophone,Thriller,spe,75,95,72,69,44.8,0.1449,true
235,saw,« Game over »,Horreur,spe,55,100,73,16,11.8,0.0625,true
235,saw,Le corps au milieu de la pièce,Thriller,spe,80,95,72,160,44.6,0.1250,true
236,the lobster,L'Hôtel,Comédie,spe,75,95,73,46,33.5,0.0870,true
236,the lobster,Le choix du homard,—,status,,100,72,50,0.0,0.0000,true
236,the lobster,Les Solitaires,Drame,phys,80,90,73,29,22.4,0.1034,true
236,the lobster,La chasse aux célibataires,Drame,phys,80,95,73,71,34.2,0.1127,true
236,the lobster,Le ton pince-sans-rire,Comédie,spe,80,95,73,122,37.2,0.1066,true
236,the lobster,S'aveugler par amour,Drame,spe,65,95,72,33,30.1,0.0606,true
237,(500) jours ensemble,« Ce n'est pas une histoire d'amour »,—,status,,100,73,73,0.0,0.0000,true
237,(500) jours ensemble,Le numéro de danse,—,status,,100,73,64,0.0,0.0000,true
237,(500) jours ensemble,Attentes contre Réalité,Romance,spe,70,100,72,6,32.8,0.1667,true
237,(500) jours ensemble,La rupture au restaurant,Romance,spe,85,95,73,189,37.5,0.1376,true
237,(500) jours ensemble,Les croquis sur la vitre,Romance,spe,75,95,72,38,38.0,0.1316,true
237,(500) jours ensemble,Le banc qui domine la ville,Romance,phys,55,100,73,66,60.3,0.1970,true
238,Five,La bande de potes,Comédie,phys,75,95,73,98,22.9,0.1224,true
238,Five,La coloc foutraque,Comédie,phys,80,95,73,228,25.0,0.0965,true
238,Five,Le plan foireux,Comédie,phys,70,95,73,14,18.4,0.0714,true
238,Five,La vanne potache,Comédie,phys,70,95,72,7,13.7,0.0000,true
238,Five,La cascade ratée,Comédie,phys,55,100,72,0,,,true
238,Five,L'amitié,—,status,,100,73,57,0.0,0.0000,true
239,Le Château de ma mère,Les collines de Provence,—,status,,100,73,0,,,false
239,Le Château de ma mère,Le canal interdit,Comédie,spe,75,95,73,187,32.4,0.0749,true
239,Le Château de ma mère,Le garde du château,Drame,phys,80,90,73,44,28.0,0.0227,true
239,Le Château de ma mère,La chasse aux bartavelles,Comédie,phys,80,95,72,87,33.7,0.0920,true
239,Le Château de ma mère,Le retour à l'école,—,status,,100,73,0,,,false
239,Le Château de ma mère,La maison du bonheur,Drame,spe,65,95,72,88,26.5,0.0568,true
240,Pacific Rim : Uprising,Le Jaeger,Action,phys,85,95,73,142,44.9,0.2183,true
240,Pacific Rim : Uprising,Le Kaiju,Science-Fiction,phys,80,90,73,52,50.1,0.2885,true
240,Pacific Rim : Uprising,La Dérive,Action,phys,75,95,73,18,87.8,0.3333,true
240,Pacific Rim : Uprising,Jake Pentecost,—,status,,100,73,65,0.0,0.0000,true
240,Pacific Rim : Uprising,Le combat sur Tokyo,Action,spe,65,95,72,8,21.8,0.0000,true
240,Pacific Rim : Uprising,L'épée à plasma,Science-Fiction,phys,80,95,72,107,58.4,0.2804,true
241,Vice-versa,Joie aux commandes,—,status,,100,72,4,0.0,0.0000,false
241,Vice-versa,Tristesse,—,status,,100,73,0,,,false
241,Vice-versa,« Emmène-la sur la lune pour moi »,Animation,spe,75,100,73,240,35.9,0.0917,true
241,Vice-versa,L'effondrement des îles,Animation,phys,90,85,72,170,35.8,0.1824,true
241,Vice-versa,La console des émotions,Animation,spe,75,95,73,118,30.8,0.1441,true
241,Vice-versa,Le retour à la maison,Animation,spe,60,100,73,5,39.4,0.0000,true
242,Le Tombeau des lucioles,Les lucioles,—,status,,100,73,85,0.0,0.0000,true
242,Le Tombeau des lucioles,Le bombardement incendiaire,Guerre,phys,85,95,73,147,31.8,0.0748,true
242,Le Tombeau des lucioles,La faim,Drame,spe,75,95,73,37,35.9,0.0541,true
242,Le Tombeau des lucioles,L'abri abandonné,Guerre,spe,75,95,72,82,45.7,0.1341,true
242,Le Tombeau des lucioles,Le frère protecteur,Drame,spe,80,95,72,133,29.2,0.0827,true
242,Le Tombeau des lucioles,La boîte de bonbons,Drame,spe,65,95,73,1,0.0,0.0000,true
243,La Ligne verte,« Je suis fatigué; patron »,—,status,,100,130,10,0.0,0.0000,false
243,La Ligne verte,Le don de guérison,—,status,,100,130,464,0.0,0.0000,true
243,La Ligne verte,Les insectes recrachés,Fantastique,spe,80,95,129,693,36.9,0.0981,true
243,La Ligne verte,Mr Jingles,—,status,,100,129,31,0.0,0.0000,false
243,La Ligne verte,Le châtiment de Percy,Fantastique,spe,80,90,129,286,34.5,0.0909,true
243,La Ligne verte,La chaise électrique,Drame,spe,55,100,129,355,36.5,0.1127,true
244,John Wick,« Je crois que je suis de retour »,—,status,,100,130,213,0.0,0.0000,true
244,John Wick,Le crayon,Crime,phys,80,95,130,306,87.7,0.3595,true
244,John Wick,Le gun-fu,Action,phys,75,90,130,164,99.7,0.4268,true
244,John Wick,Le Continental,Crime,phys,75,95,130,77,99.1,0.4156,true
244,John Wick,Les pièces d'or,Action,phys,80,95,130,550,88.8,0.3764,true
244,John Wick,Le contrat sur sa tête,Action,spe,60,100,130,39,36.6,0.1026,true
245,Le Tombeau des lucioles,Les lucioles dans la nuit,—,status,,100,130,20,0.0,0.0000,false
245,Le Tombeau des lucioles,Le bombardement de Kobe,Drame,spe,85,95,130,830,39.5,0.1181,true
245,Le Tombeau des lucioles,Les bonbons Sakuma,—,status,,100,130,693,0.0,0.0000,true
245,Le Tombeau des lucioles,La faim qui ronge,Drame,spe,65,100,130,348,32.3,0.0575,true
245,Le Tombeau des lucioles,« Setsuko… »,—,status,,100,130,20,0.0,0.0000,false
245,Le Tombeau des lucioles,L'abri au bord de l'étang,Animation,spe,65,95,130,322,47.7,0.1553,true
246,Orphée,Le passage du miroir,—,status,,100,73,0,,,false
246,Orphée,La Princesse (la Mort),Fantastique,spe,90,85,73,233,30.5,0.1030,true
246,Orphée,Les messages codés de la radio,Drame,spe,75,95,73,124,33.2,0.1532,true
246,Orphée,Les motards de la Mort,Fantastique,phys,75,100,72,124,27.5,0.0887,true
246,Orphée,Ne pas se retourner,—,status,,100,72,76,0.0,0.0000,true
246,Orphée,Le poète foudroyé,Drame,spe,55,100,73,74,20.6,0.0676,true
247,Les Temps Modernes,Les engrenages,Comédie,phys,90,85,72,100,33.9,0.1000,true
247,Les Temps Modernes,La machine à manger,Drame,spe,75,95,72,34,30.2,0.0882,true
247,Les Temps Modernes,Les patins à roulettes,—,status,,100,72,0,,,false
247,Les Temps Modernes,La chaîne de montage,Drame,spe,80,90,72,125,36.6,0.1520,true
247,Les Temps Modernes,Le drapeau rouge,Comédie,spe,80,95,72,160,34.8,0.1313,true
247,Les Temps Modernes,La canne du Vagabond,Comédie,phys,60,100,72,12,34.7,0.0833,true
248,Le Dictateur,La danse avec le globe,—,status,,100,73,0,,,false
248,Le Dictateur,La parodie d'Hynkel,Drame,spe,75,95,73,81,32.9,0.0741,true
248,Le Dictateur,Le discours final,Drame,spe,90,85,72,214,29.5,0.1168,true
248,Le Dictateur,Le barbier juif,Comédie,phys,65,100,72,107,43.6,0.1495,true
248,Le Dictateur,La méprise,—,status,,100,73,50,0.0,0.0000,false
248,Le Dictateur,L'humanité retrouvée,Drame,spe,65,95,73,18,31.4,0.0556,true
249,Merlin l'enchanteur,Le duel de magie,Aventure,spe,85,95,72,206,36.8,0.1262,true
249,Merlin l'enchanteur,Madame Mim,Aventure,spe,75,95,73,11,30.1,0.0909,true
249,Merlin l'enchanteur,Archimède le hibou,Animation,spe,80,95,73,89,28.0,0.1011,true
249,Merlin l'enchanteur,L'épée dans le rocher,Aventure,phys,75,100,73,56,32.0,0.0893,true
249,Merlin l'enchanteur,Devenir écureuil,—,status,,100,73,0,,,false
249,Merlin l'enchanteur,« Higitus Figitus »,Animation,spe,55,100,72,48,33.2,0.0625,true
250,Ponyo sur la falaise,« Ponyo aime Sōsuke ! »,—,status,,100,73,115,0.0,0.0000,true
250,Ponyo sur la falaise,Le raz-de-marée,Fantastique,spe,80,95,72,157,35.4,0.1592,true
250,Ponyo sur la falaise,Courir sur les vagues-poissons,Animation,phys,75,100,73,231,57.4,0.2294,true
250,Ponyo sur la falaise,La magie de Fujimoto,Fantastique,spe,75,95,73,66,40.7,0.1515,true
250,Ponyo sur la falaise,Le ramen au jambon,—,status,,100,73,135,0.0,0.0000,true
250,Ponyo sur la falaise,Devenir humaine,Fantastique,spe,60,100,72,7,14.0,0.1429,true
251,Colorful,L'âme en séjour,—,status,,100,73,0,,,false
251,Colorful,Les couleurs retrouvées,Animation,spe,75,100,73,259,35.4,0.0965,true
251,Colorful,Le secret de Makoto,—,status,,100,73,0,,,false
251,Colorful,Le pastel,Animation,phys,65,100,73,21,20.9,0.0476,true
251,Colorful,Le lien renoué,—,status,,100,72,94,0.0,0.0000,true
251,Colorful,La beauté du quotidien,Animation,spe,65,95,72,75,32.1,0.0800,true
252,La Planète des singes : Les Origines,« NON ! »,—,status,,100,72,0,,,false
252,La Planète des singes : Les Origines,La révolte des singes,Action,phys,90,85,73,132,27.1,0.0682,true
252,La Planète des singes : Les Origines,L'intelligence de César,Action,phys,75,95,73,0,,,true
252,La Planète des singes : Les Origines,La charge de Buck,Action,phys,75,100,73,35,32.3,0.1429,true
252,La Planète des singes : Les Origines,Le langage des signes,Action,phys,80,95,73,228,26.5,0.0789,true
252,La Planète des singes : Les Origines,L'évasion du refuge,Action,spe,55,100,72,52,14.8,0.0577,true
253,La Guerre des étoiles,« Sers-toi de la Force; Luke »,Science-Fiction,phys,75,95,130,82,56.2,0.1829,true
253,La Guerre des étoiles,Le sabre laser,Aventure,phys,80,95,130,419,41.9,0.1074,true
253,La Guerre des étoiles,« Ce ne sont pas les droïdes que vous recherchez »,Science-Fiction,phys,80,95,130,377,45.7,0.1406,true
253,La Guerre des étoiles,L'attaque de l'Étoile de la Mort,Aventure,spe,90,85,130,265,42.0,0.1547,true
253,La Guerre des étoiles,Le Faucon Millenium,—,status,,100,130,209,0.0,0.0000,true
253,La Guerre des étoiles,La fente d'échappement,Aventure,spe,60,100,130,40,42.0,0.1750,true
254,Alien; le huitième passager,Le chestburster,Horreur,phys,80,95,130,425,31.2,0.0871,true
254,Alien; le huitième passager,Le xénomorphe,Science-Fiction,phys,75,100,130,591,38.6,0.1184,true
254,Alien; le huitième passager,Le facehugger,—,status,,100,130,81,0.0,0.0000,false
254,Alien; le huitième passager,Le sang acide,Horreur,phys,75,95,130,157,26.2,0.0446,true
254,Alien; le huitième passager,Ripley,—,status,,100,130,290,0.0,0.0000,true
254,Alien; le huitième passager,L'autodestruction du Nostromo,Horreur,spe,65,95,130,80,18.0,0.0750,true
255,Lord of War,La vie d'une balle,Crime,spe,75,100,73,68,33.0,0.1324,true
255,Lord of War,Le trafic d'armes,—,status,,100,73,80,0.0,0.0000,true
255,Lord of War,« Plus de 550 millions d'armes en circulation »,—,status,,100,73,3,0.0,0.0000,false
255,Lord of War,L'AK-47,Crime,phys,85,95,72,138,48.9,0.2464,true
255,Lord of War,L'Antonov dépecé,—,status,,100,73,7,0.0,0.0000,false
255,Lord of War,L'immunité,Drame,spe,55,100,72,150,20.1,0.0600,true
256,8 Mile,Le clash final,Drame,spe,90,85,73,188,25.0,0.1436,true
256,8 Mile,Le trac sur scène,—,status,,100,73,0,,,false
256,8 Mile,« Ouais; je vis dans une caravane; et alors ? »,—,status,,100,73,76,0.0,0.0000,true
256,8 Mile,L'usine de Détroit,Drame,phys,75,95,73,99,47.4,0.2020,true
256,8 Mile,Le flow,—,status,,100,72,61,0.0,0.0000,true
256,8 Mile,Les mains qui tremblent,Drame,spe,60,100,72,7,24.6,0.1429,true
257,Retour vers le futur III,Le Far West,—,status,,100,73,0,,,false
257,Retour vers le futur III,« Mad Dog » Tannen,Aventure,phys,85,95,73,205,37.8,0.1415,true
257,Retour vers le futur III,La locomotive,Science-Fiction,phys,80,90,72,68,48.5,0.1618,true
257,Retour vers le futur III,Doc et Clara,—,status,,100,73,107,0.0,0.0000,true
257,Retour vers le futur III,Les bûches Presto-Logs,Aventure,spe,75,95,73,88,35.1,0.1136,true
257,Retour vers le futur III,« Personne ne me traite de lâche »,Aventure,spe,65,95,72,9,40.7,0.1111,true
258,Retour vers le futur,« 1;21 gigawatts ! »,Science-Fiction,spe,85,95,130,539,42.0,0.1039,true
258,Retour vers le futur,88 miles à l'heure,—,status,,100,130,193,0.0,0.0000,true
258,Retour vers le futur,« Nom de Zeus ! »,Aventure,spe,75,95,130,83,46.4,0.1325,true
258,Retour vers le futur,« Johnny B. Goode »,Aventure,spe,75,100,130,386,41.5,0.1088,true
258,Retour vers le futur,Le convecteur temporel,—,status,,100,130,0,,,false
258,Retour vers le futur,La foudre sur l'horloge,Aventure,phys,55,100,130,56,38.2,0.0893,true
259,Retour vers le futur II,2015,—,status,,100,72,20,0.0,0.0000,false
259,Retour vers le futur II,L'hoverboard,Aventure,phys,70,100,73,132,27.1,0.1212,true
259,Retour vers le futur II,Le 1985 alternatif,Aventure,spe,75,95,73,103,34.7,0.0777,true
259,Retour vers le futur II,Les chaussures auto-laçantes,—,status,,100,73,88,0.0,0.0000,true
259,Retour vers le futur II,Biff Tannen enrichi,Science-Fiction,spe,80,95,73,202,30.4,0.1238,true
259,Retour vers le futur II,Le paradoxe temporel,Aventure,spe,60,100,72,56,15.4,0.0536,true
260,Diamants sur canapé,Holly Golightly,—,status,,100,73,10,0.0,0.0000,false
260,Diamants sur canapé,La vitrine de Tiffany,Romance,spe,75,100,73,79,31.6,0.1392,true
260,Diamants sur canapé,La petite robe noire,Romance,spe,75,95,73,13,28.4,0.0769,true
260,Diamants sur canapé,Le chat sans nom,Comédie,phys,65,100,73,104,36.1,0.1346,true
260,Diamants sur canapé,Les soirées mondaines,Romance,spe,80,95,72,201,32.2,0.1244,true
260,Diamants sur canapé,« Moon River »,Romance,spe,65,95,72,0,,,true
261,Soleil vert,La surpopulation,Science-Fiction,spe,75,95,73,37,35.3,0.0541,true
261,Soleil vert,« Le Soleil vert; c'est des gens ! »,Science-Fiction,spe,90,85,73,153,31.5,0.1046,true
261,Soleil vert,L'émeute,Thriller,phys,70,100,73,122,39.0,0.0984,true
261,Soleil vert,La maison de mort,—,status,,100,72,0,,,false
261,Soleil vert,Le rationnement,—,status,,100,72,73,0.0,0.0000,true
261,Soleil vert,L'enquête de Thorn,Thriller,spe,55,100,73,60,36.3,0.1833,true
262,Terminator,« Je reviendrai »,—,status,,100,130,218,0.0,0.0000,true
262,Terminator,L'endosquelette,Science-Fiction,phys,80,95,130,672,74.5,0.3051,true
262,Terminator,« Viens avec moi si tu veux vivre »,—,status,,100,130,0,,,false
262,Terminator,La traque implacable,Action,phys,80,90,130,364,72.2,0.2610,true
262,Terminator,Les yeux rouges,—,status,,100,130,0,,,false
262,Terminator,La presse hydraulique,Action,spe,60,100,130,89,28.4,0.0674,true
263,Rambo,Le couteau de survie,Action,phys,80,95,73,264,48.4,0.1970,true
263,Rambo,La forêt,—,status,,100,73,0,,,false
263,Rambo,Les pièges artisanaux,Action,phys,75,95,72,69,66.4,0.3188,true
263,Rambo,Le shérif Teasle,—,status,,100,73,0,,,false
263,Rambo,« Rien n'est fini ! »,Drame,spe,60,100,72,50,35.2,0.0600,true
263,Rambo,La guérilla,—,status,,100,73,70,0.0,0.0000,true
264,L'Expérience,Le rôle de gardien,—,status,,100,73,76,0.0,0.0000,true
264,L'Expérience,L'abus de pouvoir,Thriller,phys,90,85,73,201,53.2,0.2438,true
264,L'Expérience,La révolte du n°77,Drame,phys,70,100,72,74,62.2,0.3919,true
264,L'Expérience,L'humiliation,—,status,,100,73,0,,,false
264,L'Expérience,Le huis clos,Thriller,phys,75,95,73,63,58.0,0.3016,true
264,L'Expérience,Le point de rupture,Drame,spe,55,100,72,20,33.2,0.1000,true
265,La Plage,L'île secrète,—,status,,100,72,0,,,false
265,La Plage,La communauté refermée,—,status,,100,72,0,,,false
265,La Plage,Le requin,Aventure,phys,85,95,73,187,32.5,0.0695,true
265,La Plage,La descente de Richard,Drame,spe,75,95,73,129,27.0,0.0543,true
265,La Plage,Le champ de cannabis,—,status,,100,73,0,,,false
265,La Plage,La désillusion,Drame,spe,60,100,73,34,30.4,0.0882,true
266,Inglourious Basterds,Hans Landa; le « Chasseur de Juifs »,—,status,,100,130,0,,,false
266,Inglourious Basterds,« On fait dans le Nazi mort »,Guerre,phys,85,95,129,440,40.9,0.1114,true
266,Inglourious Basterds,La taverne piégée,Guerre,phys,110,60,129,29,47.1,0.1034,true
266,Inglourious Basterds,La vengeance de Shosanna,Drame,spe,80,95,129,508,39.3,0.1142,true
266,Inglourious Basterds,« Bingo ! »,Guerre,spe,75,95,130,340,48.0,0.1529,true
266,Inglourious Basterds,La batte de l'Ours juif,Guerre,phys,65,95,129,5,15.4,0.2000,true
267,Une nuit en enfer,Les frères Gecko,Action,phys,85,95,72,224,37.5,0.1518,true
267,Une nuit en enfer,Santanico Pandemonium,Action,phys,75,95,73,8,31.9,0.0000,true
267,Une nuit en enfer,Le Titty Twister,Horreur,phys,70,100,73,31,38.7,0.1290,true
267,Une nuit en enfer,Le pieu improvisé,Action,phys,80,95,73,90,34.4,0.1222,true
267,Une nuit en enfer,L'eau bénite,—,status,,100,72,0,,,false
267,Une nuit en enfer,La horde,Horreur,spe,55,100,73,36,26.9,0.1111,true
268,Man on the Moon,Le canular permanent,Comédie,spe,75,95,72,181,28.2,0.0939,true
268,Man on the Moon,Le catch contre les femmes,Comédie,phys,70,100,72,92,32.5,0.1413,true
268,Man on the Moon,Latka,—,status,,100,73,0,,,false
268,Man on the Moon,Tony Clifton,—,status,,100,73,0,,,false
268,Man on the Moon,Le Carnegie Hall,Drame,spe,65,100,73,157,25.2,0.0828,true
268,Man on the Moon,La vérité brouillée,Drame,spe,60,100,73,27,23.1,0.1111,true
269,Saw II,La maison piégée,Horreur,phys,75,95,73,6,50.2,0.1667,true
269,Saw II,La fosse aux seringues,Horreur,phys,85,95,73,128,33.5,0.1406,true
269,Saw II,Amanda,—,status,,100,73,131,0.0,0.0000,true
269,Saw II,Le compte à rebours,Thriller,phys,80,95,73,170,49.5,0.2353,true
269,Saw II,Le casque à clous,Horreur,phys,70,95,72,6,0.0,0.0000,true
269,Saw II,Le jeu de Jigsaw,Horreur,spe,65,95,72,17,25.2,0.2353,true
270,Saw III,Le piège du chevalet,Horreur,phys,85,95,73,156,21.0,0.0833,true
270,Saw III,Les tests de Jeff,Thriller,phys,75,95,73,238,29.4,0.1008,true
270,Saw III,Jigsaw mourant,—,status,,100,73,22,0.0,0.0000,false
270,Saw III,La chirurgie improvisée,Horreur,phys,70,95,72,59,12.7,0.0847,true
270,Saw III,La rage d'Amanda,—,status,,100,73,90,0.0,0.0000,false
270,Saw III,Le piège du frigo,Horreur,spe,55,100,72,19,28.9,0.1579,true
271,Saw IV,L'autopsie de Jigsaw,Horreur,phys,75,95,73,57,28.2,0.0702,true
271,Saw IV,Le piège du fauteuil,Horreur,phys,70,100,72,17,20.8,0.1176,true
271,Saw IV,« Le jeu continue »,—,status,,100,73,97,0.0,0.0000,true
271,Saw IV,L'agent Hoffman,Thriller,phys,80,95,72,218,37.2,0.1468,true
271,Saw IV,La chronologie tordue,—,status,,100,73,52,0.0,0.0000,false
271,Saw IV,Le couperet,Horreur,spe,60,100,73,14,23.8,0.0714,true
272,Saw V,Le pendule,Horreur,phys,80,95,72,117,26.8,0.1111,true
272,Saw V,Les cinq inconnus,—,status,,100,73,37,0.0,0.0000,false
272,Saw V,Hoffman contre Strahm,—,status,,100,73,81,0.0,0.0000,true
272,Saw V,Le caisson de verre,Thriller,phys,75,95,73,168,34.0,0.1250,true
272,Saw V,« Voyez plus grand »,Horreur,phys,80,95,72,85,21.5,0.0706,true
272,Saw V,La sentence partagée,Horreur,spe,65,95,73,21,5.8,0.0476,true
273,Saw VI,Le carrousel,Horreur,phys,85,95,73,109,25.5,0.0826,true
273,Saw VI,L'assureur santé,—,status,,100,72,28,0.0,0.0000,false
273,Saw VI,« Qui mérite de vivre ? »,—,status,,100,73,117,0.0,0.0000,true
273,Saw VI,La livre de chair,Thriller,phys,75,95,73,172,39.7,0.1570,true
273,Saw VI,Le couloir de vapeur,—,status,,100,72,0,,,false
273,Saw VI,La règle de Jigsaw,Thriller,spe,55,100,73,89,27.6,0.1236,true
274,La Montagne sacrée,L'Alchimiste,—,status,,100,72,0,,,false
274,La Montagne sacrée,Le Voleur christique,Aventure,phys,75,95,73,108,37.2,0.1759,true
274,La Montagne sacrée,Le tarot vivant,Fantastique,spe,75,95,72,53,23.8,0.0755,true
274,La Montagne sacrée,Les neuf planètes,—,status,,100,73,71,0.0,0.0000,true
274,La Montagne sacrée,L'imagerie surréaliste,Fantastique,spe,80,95,73,144,34.0,0.0556,true
274,La Montagne sacrée,La transmutation finale,Fantastique,spe,70,95,73,18,35.1,0.0000,true
275,Iron Man,« Construit dans une grotte ! »,—,status,,100,130,111,0.0,0.0000,false
275,Iron Man,Le répulseur,Science-Fiction,phys,85,95,130,596,41.4,0.1057,true
275,Iron Man,Le réacteur Arc,—,status,,100,130,411,0.0,0.0000,true
275,Iron Man,Le premier vol,Science-Fiction,phys,75,95,130,88,43.2,0.1023,true
275,Iron Man,Le missile Jericho,Action,phys,75,100,130,312,40.2,0.0929,true
275,Iron Man,« Je suis Iron Man »,Science-Fiction,spe,65,95,130,198,33.9,0.0556,true
276,Hulk,Les chiens mutants,Science-Fiction,phys,80,90,73,148,34.1,0.1081,true
276,Hulk,Le montage en cases,—,status,,100,73,39,0.0,0.0000,false
276,Hulk,Le père absent,—,status,,100,73,0,,,false
276,Hulk,Le bond géant,—,status,,100,73,79,0.0,0.0000,true
276,Hulk,La colère verte,Science-Fiction,phys,75,95,74,101,33.8,0.1584,true
276,Hulk,L'expérience ratée,Drame,spe,55,100,74,99,28.4,0.0606,true
277,L'Incroyable Hulk,La cavale au Brésil,—,status,,100,73,82,0.0,0.0000,true
277,L'Incroyable Hulk,« Ne m'énervez pas »,—,status,,100,73,0,,,false
277,L'Incroyable Hulk,Hulk contre l'Abomination,Action,phys,85,95,73,230,31.8,0.1391,true
277,L'Incroyable Hulk,Le smash,Science-Fiction,phys,80,90,73,137,40.0,0.1314,true
277,L'Incroyable Hulk,Le sérum perdu,Action,phys,75,95,72,48,37.6,0.2500,true
277,L'Incroyable Hulk,L'épisode oublié,Action,spe,60,100,72,44,26.4,0.1364,true
278,La Grande Aventure LEGO,« Tout est génial »,—,status,,100,73,0,,,false
278,La Grande Aventure LEGO,Le maître-bâtisseur,Aventure,spe,75,95,73,61,28.4,0.1639,true
278,La Grande Aventure LEGO,Batman LEGO,Aventure,phys,85,85,73,110,59.8,0.2273,true
278,La Grande Aventure LEGO,Le Kragle,Aventure,spe,80,95,73,180,34.4,0.0944,true
278,La Grande Aventure LEGO,Emmet l'Élu lambda,—,status,,100,72,87,0.0,0.0000,true
278,La Grande Aventure LEGO,La Pièce maîtresse,Animation,spe,75,95,72,102,32.4,0.1373,true
279,Bob l'éponge; le film,« Goofy Goober Rock »,—,status,,100,73,68,0.0,0.0000,true
279,Bob l'éponge; le film,David Hasselhoff,—,status,,100,73,48,0.0,0.0000,true
279,Bob l'éponge; le film,La couronne du roi Neptune,Animation,spe,75,95,72,121,35.1,0.1157,true
279,Bob l'éponge; le film,Le coup de spatule,Comédie,phys,75,100,72,85,60.8,0.1529,true
279,Bob l'éponge; le film,« On n'est pas que des gamins »,—,status,,100,73,53,0.0,0.0000,true
279,Bob l'éponge; le film,La vague d'optimisme,Animation,spe,55,100,73,49,17.9,0.1224,true
280,Iron Man 2,Les fouets de Vanko,Action,phys,90,85,73,171,29.2,0.1170,true
280,Iron Man 2,« J'ai privatisé la paix mondiale »,—,status,,100,73,94,0.0,0.0000,true
280,Iron Man 2,Le palladium,—,status,,100,72,0,,,false
280,Iron Man 2,War Machine,Action,phys,80,90,73,67,36.1,0.1791,true
280,Iron Man 2,Le nouvel élément,—,status,,100,73,125,0.0,0.0000,true
280,Iron Man 2,Hammer Industries,Action,spe,60,100,72,29,19.8,0.0690,true
281,Thor,Mjölnir,Fantastique,phys,80,95,72,147,46.6,0.2653,true
281,Thor,« Encore ! »,—,status,,100,72,56,0.0,0.0000,true
281,Thor,L'éclair d'Asgard,Fantastique,spe,85,85,73,73,36.6,0.1918,true
281,Thor,Le bannissement,—,status,,100,73,79,0.0,0.0000,true
281,Thor,Les tours de Loki,Action,phys,75,95,73,107,43.6,0.1776,true
281,Thor,Le Bifröst,—,status,,100,73,68,0.0,0.0000,true
282,Captain America : First Avenger,Le sérum du super-soldat,—,status,,100,73,0,,,false
282,Captain America : First Avenger,Le bouclier en vibranium,Action,phys,85,85,73,174,24.9,0.0575,true
282,Captain America : First Avenger,« Je peux faire ça toute la journée »,—,status,,100,73,0,,,false
282,Captain America : First Avenger,Le Crâne Rouge,Aventure,phys,75,100,72,231,26.9,0.0779,true
282,Captain America : First Avenger,Le Tesseract,Action,phys,75,95,73,15,27.9,0.1333,true
282,Captain America : First Avenger,Le sacrifice dans la glace,Action,spe,55,100,72,78,14.1,0.0256,true
283,Avengers,L'assemblée des héros,—,status,,100,130,13,0.0,0.0000,false
283,Avengers,« Dieu de pacotille »,Science-Fiction,phys,85,90,130,714,38.3,0.0728,true
283,Avengers,La bataille de New York,Action,phys,80,90,130,345,38.5,0.1188,true
283,Avengers,Le marteau et le bouclier,Science-Fiction,phys,75,95,130,161,48.2,0.1118,true
283,Avengers,Le missile détourné,—,status,,100,130,392,0.0,0.0000,true
283,Avengers,La shawarma,—,status,,100,130,257,0.0,0.0000,true
284,Iron Man 3,Extremis,Science-Fiction,phys,80,95,73,166,31.7,0.0542,true
284,Iron Man 3,Le faux Mandarin,Science-Fiction,phys,75,95,73,24,32.8,0.0833,true
284,Iron Man 3,Les crises d'angoisse,—,status,,100,73,0,,,false
284,Iron Man 3,Le House Party Protocol,—,status,,100,73,30,0.0,0.0000,false
284,Iron Man 3,La villa de Malibu effondrée,Action,phys,80,95,72,118,25.0,0.0763,true
284,Iron Man 3,Le poing répulseur,Action,spe,65,95,72,48,14.8,0.0417,true
285,Thor : Le Monde des ténèbres,L'Éther,—,status,,100,72,0,,,false
285,Thor : Le Monde des ténèbres,Malekith,Fantastique,phys,85,85,73,150,35.9,0.1600,true
285,Thor : Le Monde des ténèbres,Les portails instables,—,status,,100,73,103,0.0,0.0000,true
285,Thor : Le Monde des ténèbres,Le marteau égaré,Fantastique,phys,75,95,73,56,51.4,0.2500,true
285,Thor : Le Monde des ténèbres,La feinte de Loki,Action,phys,80,95,72,227,37.0,0.1498,true
285,Thor : Le Monde des ténèbres,L'épisode dispensable,Action,spe,55,100,73,52,31.7,0.1346,true
286,Captain America : Le Soldat de l'hiver,Le Soldat de l'Hiver,Action,phys,90,85,73,198,30.7,0.0808,true
286,Captain America : Le Soldat de l'hiver,HYDRA infiltré,—,status,,100,73,0,,,false
286,Captain America : Le Soldat de l'hiver,Le combat dans l'ascenseur,Action,phys,75,100,73,86,37.6,0.0814,true
286,Captain America : Le Soldat de l'hiver,Les Helicarriers,Thriller,phys,75,95,72,137,46.6,0.1387,true
286,Captain America : Le Soldat de l'hiver,L'embuscade de Fury,—,status,,100,73,99,0.0,0.0000,true
286,Captain America : Le Soldat de l'hiver,« Je le connais »,Action,spe,60,100,72,38,19.7,0.1316,true
287,Les Gardiens de la Galaxie,« Je s'appelle Groot »,Action,phys,75,95,73,26,36.0,0.2308,true
287,Les Gardiens de la Galaxie,Rocket le raton,Action,phys,85,95,72,264,34.7,0.1136,true
287,Les Gardiens de la Galaxie,L'Awesome Mix,—,status,,100,72,0,,,false
287,Les Gardiens de la Galaxie,Le défi de danse,Science-Fiction,phys,80,95,73,132,37.8,0.1136,true
287,Les Gardiens de la Galaxie,Drax au premier degré,Action,phys,70,95,73,11,42.5,0.0000,true
287,Les Gardiens de la Galaxie,« Une bande de connards »,Action,spe,65,95,73,35,21.4,0.0571,true
288,Avengers : L'Ère d'Ultron,Ultron,Science-Fiction,phys,85,95,73,111,43.5,0.1351,true
288,Avengers : L'Ère d'Ultron,« Plus aucune ficelle »,—,status,,100,73,95,0.0,0.0000,true
288,Avengers : L'Ère d'Ultron,Vision,Action,phys,75,95,73,11,26.5,0.0000,true
288,Avengers : L'Ère d'Ultron,Les jumeaux Maximoff,—,status,,100,73,49,0.0,0.0000,true
288,Avengers : L'Ère d'Ultron,Soulever le marteau,Action,phys,80,95,72,70,33.8,0.1714,true
288,Avengers : L'Ère d'Ultron,Sokovia s'élève,Science-Fiction,spe,55,100,72,31,39.1,0.0000,true
289,Ant-Man,Le rétrécissement,—,status,,100,73,0,,,false
289,Ant-Man,Le coup à l'échelle atomique,Action,phys,80,95,73,121,22.6,0.1074,true
289,Ant-Man,L'armée de fourmis,—,status,,100,73,0,,,false
289,Ant-Man,Le combat sur le train Thomas,Comédie,phys,75,95,73,119,39.3,0.1765,true
289,Ant-Man,Le monde quantique,Action,phys,80,95,72,100,33.0,0.1400,true
289,Ant-Man,Le casse parfait,Comédie,spe,60,100,72,90,32.2,0.1000,true
290,Captain America : Civil War,La bataille de l'aéroport,Action,phys,80,95,73,178,32.0,0.1292,true
290,Captain America : Civil War,« — Lui aussi était mon ami »,—,status,,100,72,0,,,false
290,Captain America : Civil War,« Underoos ! »,Action,phys,75,95,73,60,32.9,0.1000,true
290,Captain America : Civil War,Black Panther,Action,phys,70,100,73,10,14.6,0.1000,true
290,Captain America : Civil War,Les Accords de Sokovie,Action,phys,80,95,73,201,34.5,0.1841,true
290,Captain America : Civil War,« Je peux faire ça toute la journée »,Action,spe,65,95,72,59,25.4,0.0847,true
291,Doctor Strange,L'Œil d'Agamotto,Action,spe,75,95,73,76,41.0,0.0658,true
291,Doctor Strange,La cape de lévitation,—,status,,100,73,0,,,false
291,Doctor Strange,Dimension du miroir,Fantastique,spe,80,95,73,167,39.9,0.1856,true
291,Doctor Strange,L'anneau de transport,Action,phys,60,100,72,43,19.1,0.6512,true
291,Doctor Strange,Projection astrale,Action,spe,80,95,73,202,35.0,0.0941,true
291,Doctor Strange,Mandales de Kamar-Taj,Action,phys,75,95,72,42,27.0,0.0000,true
292,Les Gardiens de la Galaxie Vol. 2,La flèche de Yondu,Science-Fiction,phys,85,85,73,140,30.2,0.0571,true
292,Les Gardiens de la Galaxie Vol. 2,« Je suis Mary Poppins; les gars ! »,—,status,,100,73,0,,,false
292,Les Gardiens de la Galaxie Vol. 2,Baby Groot,—,status,,100,72,0,,,false
292,Les Gardiens de la Galaxie Vol. 2,Ego la planète vivante,Science-Fiction,spe,90,85,73,207,31.8,0.0676,true
292,Les Gardiens de la Galaxie Vol. 2,« Le bouton de droite ! Non; l'autre »,Science-Fiction,phys,75,95,72,22,23.1,0.0455,true
292,Les Gardiens de la Galaxie Vol. 2,Funérailles de Yondu,Science-Fiction,spe,60,100,73,14,37.9,0.1429,true
293,Spider-Man : Homecoming,Le costume de Stark,—,status,,100,72,0,,,false
293,Spider-Man : Homecoming,« Élimination instantanée activée »,Action,spe,80,90,73,112,30.8,0.0982,true
293,Spider-Man : Homecoming,Le ferry coupé en deux,—,status,,100,72,0,,,false
293,Spider-Man : Homecoming,Les ailes-toile,—,status,,100,73,0,,,false
293,Spider-Man : Homecoming,Le Vautour,Action,phys,85,95,73,171,38.1,0.1287,true
293,Spider-Man : Homecoming,Le costume maison,Aventure,phys,65,95,73,119,35.6,0.1429,true
294,Thor : Ragnarok,« C'est un ami du boulot ! »,—,status,,100,73,0,,,false
294,Thor : Ragnarok,« Au secours »,Comédie,phys,65,95,73,99,48.7,0.3838,true
294,Thor : Ragnarok,La foudre sans marteau,Action,spe,85,90,72,66,39.7,0.1212,true
294,Thor : Ragnarok,Korg et la révolte,Comédie,phys,75,95,73,168,53.5,0.1845,true
294,Thor : Ragnarok,Le bâton du Grand Maître,Action,phys,80,95,72,126,43.9,0.1349,true
294,Thor : Ragnarok,Bifröst de Hulk,Action,phys,80,95,73,162,36.9,0.1358,true
295,Black Panther,Wakanda à jamais,Action,phys,75,95,73,80,28.9,0.1125,true
295,Black Panther,Griffes de vibranium,Action,phys,80,95,73,266,30.4,0.0752,true
295,Black Panther,« C'est ça; votre roi ? »,—,status,,100,72,20,0.0,0.0000,false
295,Black Panther,L'herbe en forme de cœur,—,status,,100,73,130,0.0,0.0000,true
295,Black Panther,Décharge cinétique,Action,spe,75,95,72,102,25.2,0.0490,true
295,Black Panther,Les Dora Milaje,Aventure,phys,60,100,73,97,31.4,0.0619,true
296,Avengers : Infinity War,Le Gant de l'Infini,Action,phys,75,95,72,41,46.4,0.1463,true
296,Avengers : Infinity War,« Amenez-moi Thanos ! »,Action,phys,90,90,72,143,38.5,0.1678,true
296,Avengers : Infinity War,« Tu aurais dû viser la tête »,—,status,,100,72,230,0.0,0.0000,true
296,Avengers : Infinity War,Bataille du Wakanda,Action,phys,75,90,72,0,,,true
296,Avengers : Infinity War,Un futur sur 14 millions,Science-Fiction,phys,120,60,72,55,38.7,0.2000,true
296,Avengers : Infinity War,« Je ne me sens pas très bien… »,Action,spe,65,95,72,55,28.9,0.0909,true
297,Cars : Quatre roues,« Ka-chow ! »,—,status,,100,73,37,0.0,0.0000,true
297,Cars : Quatre roues,« I am speed »,—,status,,100,73,41,0.0,0.0000,true
297,Cars : Quatre roues,Virage façon Doc Hudson,Aventure,phys,55,100,73,80,38.5,0.3500,true
297,Cars : Quatre roues,Martin la dépanneuse,Aventure,phys,75,95,73,125,31.8,0.0880,true
297,Cars : Quatre roues,Tracteur-tipping,—,status,,100,72,0,,,false
297,Cars : Quatre roues,Sprint du Piston Cup,Animation,phys,80,95,72,108,33.5,0.1389,true
298,The Exorcist,« La puissance du Christ te l'ordonne ! »,Horreur,spe,75,95,130,35,20.1,0.0571,true
298,The Exorcist,La tête qui pivote,Drame,spe,80,95,130,549,39.6,0.0947,true
298,The Exorcist,La marche de l'araignée,Horreur,phys,60,100,130,54,5.6,0.2778,true
298,The Exorcist,Le jet de bile,Horreur,spe,85,85,130,186,21.5,0.0484,true
298,The Exorcist,« Prends-moi ! »,—,status,,100,130,220,0.0,0.0000,false
298,The Exorcist,Pazuzu,Horreur,spe,85,95,130,616,28.3,0.0633,true
299,Wallace & Gromit : Le Mystère du lapin-garou,Le Lapin-Aspirateur 6000,Animation,spe,75,95,72,175,35.2,0.0800,true
299,Wallace & Gromit : Le Mystère du lapin-garou,Anti-Pesto,—,status,,100,72,89,0.0,0.0000,true
299,Wallace & Gromit : Le Mystère du lapin-garou,Le Lapin-Garou,Animation,phys,90,85,72,19,35.2,0.0526,true
299,Wallace & Gromit : Le Mystère du lapin-garou,Gromit lève les yeux au ciel,—,status,,100,72,0,,,false
299,Wallace & Gromit : Le Mystère du lapin-garou,Invention qui foire,Comédie,phys,60,100,72,83,40.4,0.0602,true
299,Wallace & Gromit : Le Mystère du lapin-garou,La carotte en or,Animation,spe,75,95,72,101,30.2,0.0990,true
300,The Mask,« Sssssmokin' ! »,—,status,,100,73,44,0.0,0.0000,true
300,The Mask,Physique de cartoon,—,status,,100,72,0,,,false
300,The Mask,Le maillet géant,Comédie,phys,80,95,72,160,33.7,0.1062,true
300,The Mask,Cœur qui sort de la poitrine,—,status,,100,73,0,,,false
300,The Mask,Cuban Pete,Comédie,phys,75,95,73,59,35.0,0.1186,true
300,The Mask,Tornade verte,Fantastique,spe,65,100,73,60,28.9,0.1167,true
301,Ma vie de courgette,Le cerf-volant,—,status,,100,73,112,0.0,0.0000,true
301,Ma vie de courgette,La tour de canettes,—,status,,100,73,0,,,false
301,Ma vie de courgette,La bande du foyer,Animation,spe,75,95,73,201,38.8,0.1244,true
301,Ma vie de courgette,Simon le caïd,Animation,phys,65,95,72,27,17.1,0.0741,true
301,Ma vie de courgette,« On sera toujours là »,Drame,spe,65,100,72,139,33.8,0.1151,true
301,Ma vie de courgette,Chamaillerie de neige,Animation,phys,75,100,73,55,31.8,0.0545,true
302,Insomnia,Le soleil de minuit,Thriller,spe,75,95,72,115,47.5,0.1826,true
302,Insomnia,Brouillard meurtrier,Crime,phys,55,95,73,18,10.1,0.5000,true
302,Insomnia,Walter Finch,—,status,,100,73,137,0.0,0.0000,true
302,Insomnia,Culpabilité qui ronge,Crime,spe,80,95,73,113,42.8,0.1681,true
302,Insomnia,Course sur les rondins,Thriller,phys,60,100,73,33,25.2,0.1515,true
302,Insomnia,Le coup de trop,Crime,phys,90,85,72,9,36.1,0.1111,true
303,Rambo II : La Mission,« On a le droit de gagner; cette fois ? »,—,status,,100,73,67,0.0,0.0000,true
303,Rambo II : La Mission,Arc à flèches explosives,Action,phys,90,85,73,172,42.2,0.1453,true
303,Rambo II : La Mission,Camouflage de boue,—,status,,100,73,0,,,false
303,Rambo II : La Mission,Mitrailleuse hurlante,Action,phys,75,90,73,2,21.0,0.0000,true
303,Rambo II : La Mission,Trahison de Murdock,Action,phys,75,95,72,67,39.0,0.1791,true
303,Rambo II : La Mission,Devenir la guerre,Action,phys,55,100,72,40,22.0,0.5000,true
304,Ali G,« Booyakasha ! »,—,status,,100,73,45,0.0,0.0000,true
304,Ali G,« Respek »,—,status,,100,73,0,,,false
304,Ali G,« C'est parce que je suis black ? »,Comédie,phys,75,95,73,43,20.2,0.0465,true
304,Ali G,Me Julie,—,status,,100,73,58,0.0,0.0000,true
304,Ali G,Le gangsta de banlieue,Comédie,phys,55,100,72,16,31.5,0.0625,true
304,Ali G,Bouffonnerie au Parlement,Comédie,phys,85,95,72,143,31.7,0.0909,true
305,How High,L'herbe magique,—,status,,100,73,0,,,false
305,How High,« Je suis trop défoncé »,Comédie,phys,75,95,73,140,21.1,0.0929,true
305,How High,Bachotage instantané,Comédie,spe,75,95,72,83,18.2,0.0723,true
305,How High,Le crâne déterré,—,status,,100,73,0,,,false
305,How High,Glandouille assumée,—,status,,100,73,0,,,false
305,How High,Beuh paralysante,Comédie,phys,65,95,72,20,20.6,0.0500,true
306,Monty Python : Sacré Graal !,« Ni ! »,—,status,,100,130,546,0.0,0.0000,true
306,Monty Python : Sacré Graal !,Le lapin tueur de Caerbannog,Aventure,phys,90,85,130,36,28.3,0.0833,true
306,Monty Python : Sacré Graal !,La Sainte Grenade d'Antioche,Aventure,spe,85,90,130,440,48.6,0.1818,true
306,Monty Python : Sacré Graal !,« Je pète dans ta direction »,—,status,,100,130,0,,,false
306,Monty Python : Sacré Graal !,Le Pont de la Mort,Comédie,spe,75,95,130,238,62.0,0.2311,true
306,Monty Python : Sacré Graal !,Noix de coco au galop,Aventure,phys,50,100,130,5,9.2,0.8000,true
307,Atlantide; l'empire perdu,Le Léviathan,Aventure,phys,90,85,73,182,30.7,0.0714,true
307,Atlantide; l'empire perdu,Le Journal du Berger,Aventure,phys,75,95,73,60,30.3,0.0833,true
307,Atlantide; l'empire perdu,Le Cœur d'Atlantide,—,status,,100,73,71,0.0,0.0000,true
307,Atlantide; l'empire perdu,Trahison de Rourke,—,status,,100,72,0,,,false
307,Atlantide; l'empire perdu,Kida la guerrière,Aventure,phys,55,100,73,37,25.1,0.1892,true
307,Atlantide; l'empire perdu,Éveil des colosses de pierre,Animation,spe,70,95,72,81,35.4,0.0988,true
308,Les Simpson; le film,« Spider-Cochon ! »,—,status,,100,73,94,0.0,0.0000,true
308,Les Simpson; le film,Le dôme sur Springfield,Comédie,spe,75,95,72,79,53.6,0.1772,true
308,Les Simpson; le film,« D'oh ! »,Comédie,phys,65,95,72,155,53.9,0.2516,true
308,Les Simpson; le film,La foule en colère,—,status,,100,73,0,,,false
308,Les Simpson; le film,Chaos ambiant,Animation,spe,80,95,73,110,50.6,0.1182,true
308,Les Simpson; le film,Le plan de Russ Cargill,Animation,spe,90,85,73,87,39.8,0.1724,true
309,The East,Le collectif,Thriller,spe,75,95,72,37,40.4,0.0811,true
309,The East,Œil pour œil,Thriller,spe,85,85,73,91,33.5,0.0879,true
309,The East,Infiltration de Sarah,Thriller,spe,80,95,73,219,39.2,0.1370,true
309,The East,Le dîner en camisole,Drame,spe,70,95,73,59,28.0,0.1525,true
309,The East,Sabotage industriel,Thriller,phys,65,95,73,0,,,true
309,The East,Cas de conscience,Drame,phys,70,100,72,15,27.9,0.1333,true
310,Croc-Blanc,L'instinct du loup,—,status,,100,73,58,0.0,0.0000,true
310,Croc-Blanc,Morsure de Croc-Blanc,Aventure,phys,80,95,72,161,45.8,0.2112,true
310,Croc-Blanc,Loyauté retrouvée,—,status,,100,73,128,0.0,0.0000,true
310,Croc-Blanc,L'arène clandestine,Drame,phys,75,95,73,102,46.0,0.1667,true
310,Croc-Blanc,Le grand Nord,—,status,,100,73,1,0.0,0.0000,false
310,Croc-Blanc,Charge dans la neige,Aventure,phys,60,100,72,64,40.1,0.1250,true
311,Hell and Back,Le serment de sang sur une pastille,Comédie,phys,75,95,72,79,24.4,0.1266,true
311,Hell and Back,« Bienvenue en Enfer »,Fantastique,phys,80,95,72,91,18.2,0.0879,true
311,Hell and Back,Les chansons douteuses d'Orphée,Comédie,spe,75,95,73,45,27.8,0.1556,true
311,Hell and Back,Le Diable PDG,Fantastique,phys,70,95,73,1,0.0,0.0000,true
311,Hell and Back,Le glouton à la pâte à cookie,Comédie,phys,60,100,73,13,34.1,0.0769,true
311,Hell and Back,Le canon à T-shirts,Fantastique,phys,90,85,73,41,22.4,0.0488,true
312,Légendes d'automne,L'ours en lui,—,status,,100,73,64,0.0,0.0000,true
312,Légendes d'automne,Charge du grizzly,Drame,phys,90,85,73,160,42.5,0.1437,true
312,Légendes d'automne,La mort de Samuel,—,status,,100,73,2,0.0,0.0000,false
312,Légendes d'automne,Susannah,Romance,spe,75,95,72,76,41.3,0.1184,true
312,Légendes d'automne,Le ranch Ludlow,—,status,,100,72,68,0.0,0.0000,true
312,Légendes d'automne,Le cœur indomptable,Romance,phys,70,100,73,91,55.1,0.2198,true
313,Donjons & Dragons : l'Honneur des voleurs,Le bâton de portail,—,status,,100,73,0,,,false
313,Donjons & Dragons : l'Honneur des voleurs,L'ours-hibou,Fantastique,phys,80,95,72,166,25.6,0.0723,true
313,Donjons & Dragons : l'Honneur des voleurs,Le cube gélatineux,Aventure,phys,75,95,73,128,36.4,0.0781,true
313,Donjons & Dragons : l'Honneur des voleurs,Immobilisation de personne,—,status,,100,73,0,,,false
313,Donjons & Dragons : l'Honneur des voleurs,La hache de Holga,Aventure,phys,75,95,73,102,31.7,0.0784,true
313,Donjons & Dragons : l'Honneur des voleurs,Le baratin d'Edgin,Fantastique,phys,80,95,72,133,24.5,0.0827,true
314,Jumper,Téléportation,—,status,,100,73,0,,,false
314,Jumper,Frappe surgie de nulle part,Science-Fiction,phys,60,100,73,25,13.0,0.5200,true
314,Jumper,Le braquage éclair,Science-Fiction,phys,75,95,73,38,27.8,0.0789,true
314,Jumper,Les Paladins,Action,phys,80,95,72,44,22.2,0.0909,true
314,Jumper,Bras de fer de Griffin,Science-Fiction,phys,85,95,73,183,27.4,0.0710,true
314,Jumper,Cicatrices de saut,Action,phys,70,95,72,14,38.2,0.1429,true
315,Zootopie,« C'est une arnaque; ma belle »,Animation,spe,75,95,72,199,37.8,0.1709,true
315,Zootopie,La matraque de Judy,Animation,phys,65,95,72,9,12.7,0.0000,true
315,Zootopie,Les Hurleurs nocturnes,Animation,spe,80,95,72,345,39.3,0.1739,true
315,Zootopie,Try Everything,—,status,,100,72,0,,,false
315,Zootopie,Le coup du bâtonnet glacé,—,status,,100,72,3,0.0,0.0000,false
315,Zootopie,Course-poursuite à Tundratown,Animation,phys,80,95,72,92,21.6,0.0870,true
316,Un jour sans fin,« Bing ! Ned Ryerson ! »,—,status,,100,73,0,,,false
316,Un jour sans fin,Réveil sur I Got You Babe,—,status,,100,72,90,0.0,0.0000,true
316,Un jour sans fin,Apprentissage infini,—,status,,100,73,0,,,false
316,Un jour sans fin,Le saut du clocher,Comédie,phys,65,95,73,80,39.0,0.2500,true
316,Un jour sans fin,La flaque qu'il connaît par cœur,Comédie,spe,75,95,73,194,61.4,0.2320,true
316,Un jour sans fin,Le jour parfait,Fantastique,spe,85,95,72,154,54.7,0.2403,true
317,Idiocracy,Brawndo l'électrolyte,—,status,,100,73,71,0.0,0.0000,true
317,Idiocracy,Camacho président,Science-Fiction,spe,75,95,72,59,24.9,0.1356,true
317,Idiocracy,Bêtise contagieuse,Comédie,spe,80,95,73,117,22.7,0.0940,true
317,Idiocracy,« Aïe Mes Couilles ! »,Comédie,phys,55,100,73,21,13.9,0.0476,true
317,Idiocracy,Le Costco grand comme une ville,—,status,,100,72,25,0.0,0.0000,true
317,Idiocracy,Avalanche de débilité,Comédie,phys,90,85,73,71,27.7,0.1127,true
318,Bienvenue à Zombieland,Règle n°2 : Double Tap,Horreur,phys,105,90,72,119,42.6,0.1261,true
318,Bienvenue à Zombieland,La quête du Twinkie,Horreur,spe,75,95,73,18,5.4,0.0000,true
318,Bienvenue à Zombieland,« Assume ou ferme-la »,—,status,,100,73,169,0.0,0.0000,true
318,Bienvenue à Zombieland,Le caméo de Bill Murray,Horreur,spe,80,95,72,72,17.9,0.0833,true
318,Bienvenue à Zombieland,Règle n°32 : profiter des petites choses,—,status,,100,73,184,0.0,0.0000,true
318,Bienvenue à Zombieland,Nettoyage à la fête foraine,Horreur,phys,80,95,73,44,28.7,0.1136,true
319,Retour à Zombieland,Zombies T-800,Horreur,phys,90,85,73,136,13.9,0.0368,true
319,Retour à Zombieland,Madison la blonde,Horreur,phys,75,95,73,57,18.4,0.0702,true
319,Retour à Zombieland,The Beast,—,status,,100,73,84,0.0,0.0000,true
319,Retour à Zombieland,Babylon la commune hippie,—,status,,100,72,21,0.0,0.0000,false
319,Retour à Zombieland,Nouvelles règles,—,status,,100,73,106,0.0,0.0000,true
319,Retour à Zombieland,Double Tap; encore,Horreur,phys,105,90,72,147,21.0,0.1020,true
320,L'Armée des Morts,Zombies au sprint,Horreur,phys,55,100,73,20,12.2,0.5500,true
320,L'Armée des Morts,Siège du centre commercial,—,status,,100,72,82,0.0,0.0000,true
320,L'Armée des Morts,Banlieue submergée,Horreur,phys,75,95,73,46,29.0,0.1522,true
320,L'Armée des Morts,Tir depuis le toit,Action,phys,65,100,73,184,30.3,0.0924,true
320,L'Armée des Morts,Horde déferlante,Horreur,phys,85,95,72,212,25.2,0.0849,true
320,L'Armée des Morts,L'évasion en bus blindé,—,status,,100,73,24,0.0,0.0000,false
321,Rox et Rouky,« On sera toujours amis »,—,status,,100,73,254,0.0,0.0000,true
321,Rox et Rouky,Le renardeau espiègle,—,status,,100,73,118,0.0,0.0000,true
321,Rox et Rouky,La séparation forcée,—,status,,100,72,9,0.0,0.0000,false
321,Rox et Rouky,Le combat contre l'ours,Animation,phys,85,95,73,155,23.2,0.0774,true
321,Rox et Rouky,La chasse de Slade,Animation,spe,75,95,72,177,29.8,0.1073,true
321,Rox et Rouky,Le bond dans les rapides,Animation,phys,55,100,73,90,8.9,0.0222,true
322,The Karate Kid,« La veste; accroche / décroche »,—,status,,100,73,44,0.0,0.0000,true
322,The Karate Kid,Coup de pied retourné,Action,phys,80,95,72,125,29.5,0.1520,true
322,The Karate Kid,Mr. Han,Action,phys,75,95,73,21,47.4,0.2381,true
322,The Karate Kid,Le serpent dompté,Drame,phys,80,95,73,166,29.0,0.1024,true
322,The Karate Kid,Tournoi de Pékin,Action,phys,55,100,72,0,,,true
322,The Karate Kid,Relevé blessé,—,status,,100,73,97,0.0,0.0000,true
323,Tokyo Godfathers,Le bébé trouvé,Animation,spe,75,95,73,72,46.3,0.1250,true
323,Tokyo Godfathers,Hana; la grande gueule au grand cœur,—,status,,100,73,0,,,false
323,Tokyo Godfathers,Gin et la bouteille,Drame,phys,65,95,72,43,10.2,0.0233,true
323,Tokyo Godfathers,La fuite de Miyuki,—,status,,100,73,87,0.0,0.0000,true
323,Tokyo Godfathers,Tempête de neige de Tokyo,Drame,spe,80,90,73,100,34.0,0.1300,true
323,Tokyo Godfathers,Chaîne de coïncidences,Drame,spe,80,95,72,224,35.4,0.1563,true
324,Dans un recoin de ce monde,Le quotidien de Suzu,Animation,spe,75,95,73,198,36.6,0.0960,true
324,Dans un recoin de ce monde,Cuisine de rationnement,—,status,,100,73,137,0.0,0.0000,true
324,Dans un recoin de ce monde,Les sirènes d'alerte,—,status,,100,73,4,0.0,0.0000,false
324,Dans un recoin de ce monde,Bombardement de Kure,Guerre,phys,85,95,72,167,35.6,0.0778,true
324,Dans un recoin de ce monde,Le poids du deuil,—,status,,100,72,0,,,false
324,Dans un recoin de ce monde,La résilience de Suzu,Animation,spe,65,100,73,126,21.2,0.0714,true
325,Maquia : When the Promised Flower Blooms,Le Hibiol; toile des jours,Animation,spe,75,95,72,179,31.6,0.1229,true
325,Maquia : When the Promised Flower Blooms,L'amour d'une mère,—,status,,100,73,87,0.0,0.0000,true
325,Maquia : When the Promised Flower Blooms,Le Renato enragé,Fantastique,phys,85,95,72,198,44.2,0.1717,true
325,Maquia : When the Promised Flower Blooms,Le poids de l'immortalité,—,status,,100,73,0,,,false
325,Maquia : When the Promised Flower Blooms,Le fil qui lie,Animation,spe,65,100,73,63,36.0,0.1111,true
325,Maquia : When the Promised Flower Blooms,La dispersion des Iorph,—,status,,100,73,0,,,false
326,Le Conte de la princesse Kaguya,La pousse de bambou lumineuse,—,status,,100,73,0,,,false
326,Le Conte de la princesse Kaguya,Les épreuves impossibles,Drame,spe,75,95,73,87,39.2,0.1494,true
326,Le Conte de la princesse Kaguya,La course éperdue,Animation,phys,90,85,72,128,60.2,0.2813,true
326,Le Conte de la princesse Kaguya,Le bonheur perdu,—,status,,100,73,0,,,false
326,Le Conte de la princesse Kaguya,La procession céleste,Animation,spe,80,90,73,117,51.5,0.1795,true
326,Le Conte de la princesse Kaguya,L'oubli de la Lune,Drame,spe,80,95,72,259,47.5,0.2162,true
327,Kamikaze; le dernier assaut,Le pilote d'élite,Drame,spe,75,95,73,116,27.6,0.0948,true
327,Kamikaze; le dernier assaut,« Le lâche »,—,status,,100,73,75,0.0,0.0000,true
327,Kamikaze; le dernier assaut,Manœuvre d'évitement,—,status,,100,73,0,,,false
327,Kamikaze; le dernier assaut,Combat aérien,Guerre,phys,85,95,73,189,51.3,0.1799,true
327,Kamikaze; le dernier assaut,Le poids de l'ordre,—,status,,100,72,0,,,false
327,Kamikaze; le dernier assaut,L'enquête du petit-fils,Drame,spe,65,100,72,36,21.7,0.0556,true
328,V pour Vendetta,« Souviens-toi; souviens-toi »,—,status,,100,73,0,,,false
328,V pour Vendetta,Le masque de Guy Fawkes,Science-Fiction,spe,75,95,73,109,55.2,0.2018,true
328,V pour Vendetta,Les lames de V,Action,phys,105,90,72,282,41.1,0.1383,true
328,V pour Vendetta,« Le peuple ne devrait pas craindre l'État »,—,status,,100,73,0,,,false
328,V pour Vendetta,Les dominos qui tombent,Action,spe,80,95,73,52,35.3,0.1346,true
328,V pour Vendetta,Le Parlement sur l'Ouverture 1812,Action,spe,90,90,72,193,38.1,0.1503,true
329,Titeuf; le film,« Tchô ! »,—,status,,100,73,47,0.0,0.0000,true
329,Titeuf; le film,« C'est pô juste ! »,—,status,,100,73,0,,,false
329,Titeuf; le film,La houppette indestructible,—,status,,100,73,18,0.0,0.0000,true
329,Titeuf; le film,Manu à la rescousse,Animation,phys,55,100,72,50,27.2,0.1000,true
329,Titeuf; le film,Logique de gamin,Animation,phys,75,95,73,97,39.7,0.1546,true
329,Titeuf; le film,Chahut de cour de récré,Comédie,phys,90,85,72,120,24.3,0.0917,true
330,Kiki la petite sorcière,Envol sur le balai,—,status,,100,72,97,0.0,0.0000,true
330,Kiki la petite sorcière,Jiji le chat noir,Aventure,spe,75,95,72,100,31.4,0.0400,true
330,Kiki la petite sorcière,Livraison express,Aventure,phys,55,100,73,71,24.8,0.2113,true
330,Kiki la petite sorcière,L'atelier d'Ursula,—,status,,100,73,227,0.0,0.0000,true
330,Kiki la petite sorcière,La tempête en vol,Aventure,spe,75,95,73,129,27.8,0.0853,true
330,Kiki la petite sorcière,Sauvetage du dirigeable,Aventure,phys,80,95,73,216,38.8,0.1574,true
331,Silent Voice,« Ami ? » en langue des signes,Animation,spe,75,95,72,120,53.5,0.2250,true
331,Silent Voice,Le mur de l'isolement,—,status,,100,73,118,0.0,0.0000,true
331,Silent Voice,Le carnet de communication,Drame,phys,60,100,72,200,35.1,0.1550,true
331,Silent Voice,Les appareils auditifs,—,status,,100,73,32,0.0,0.0000,false
331,Silent Voice,La grande roue,—,status,,100,73,269,0.0,0.0000,true
331,Silent Voice,« Je voulais te dire pardon »,Drame,spe,80,90,73,187,33.5,0.1337,true
332,Je veux manger ton pancréas,« Je veux manger ton pancréas »,—,status,,100,73,137,0.0,0.0000,true
332,Je veux manger ton pancréas,Le Journal de la coexistence avec la maladie,—,status,,100,73,34,0.0,0.0000,false
332,Je veux manger ton pancréas,Action ou vérité,Animation,spe,75,95,72,74,36.1,0.1622,true
332,Je veux manger ton pancréas,L'éclat de Sakura,—,status,,100,73,20,0.0,0.0000,false
332,Je veux manger ton pancréas,Pétales de cerisier,Animation,spe,80,90,72,136,35.6,0.1324,true
332,Je veux manger ton pancréas,Le dernier message,Drame,phys,65,95,73,218,48.4,0.1560,true
333,Un bonheur n'arrive jamais seul,Le pianiste insouciant,—,status,,100,73,61,0.0,0.0000,true
333,Un bonheur n'arrive jamais seul,Le jazz de minuit,Romance,spe,75,95,72,154,32.9,0.1494,true
333,Un bonheur n'arrive jamais seul,L'executive surbookée,—,status,,100,72,61,0.0,0.0000,true
333,Un bonheur n'arrive jamais seul,Les enfants à charge,Romance,phys,75,95,73,77,33.8,0.1558,true
333,Un bonheur n'arrive jamais seul,Coup de foudre parisien,—,status,,100,73,0,,,false
333,Un bonheur n'arrive jamais seul,Tout s'effondre d'un coup,Comédie,phys,80,95,73,160,28.9,0.1688,true
334,La Rafle,La rafle du Vél d'Hiv,Drame,spe,75,95,72,119,26.3,0.0840,true
334,La Rafle,L'étoile jaune,—,status,,100,73,0,,,false
334,La Rafle,La fuite de Jo Weismann,—,status,,100,73,0,,,false
334,La Rafle,Le camp de Beaune-la-Rolande,Guerre,phys,75,95,73,121,26.5,0.0661,true
334,La Rafle,L'infirmière Annette Monod,—,status,,100,72,132,0.0,0.0000,true
334,La Rafle,Le devoir de mémoire,Drame,spe,80,90,73,207,28.5,0.1014,true
335,Le Garçon au pyjama rayé,L'amitié à travers le grillage,Drame,spe,75,95,73,22,27.8,0.0455,true
335,Le Garçon au pyjama rayé,Le pyjama rayé,—,status,,100,73,0,,,false
335,Le Garçon au pyjama rayé,Les questions de l'enfant,Drame,spe,80,95,72,176,28.9,0.1023,true
335,Le Garçon au pyjama rayé,La « ferme » derrière la maison,Guerre,spe,70,95,72,118,40.4,0.0932,true
335,Le Garçon au pyjama rayé,L'innocence brisée,Guerre,phys,75,100,73,48,30.9,0.1042,true
335,Le Garçon au pyjama rayé,La fin que personne ne voit venir,Drame,spe,85,85,73,60,28.0,0.1167,true
336,La Vague,L'expérience de M. Wenger,Drame,spe,75,95,73,88,41.2,0.1477,true
336,La Vague,Le salut de la Vague,Thriller,spe,80,95,73,205,41.5,0.1610,true
336,La Vague,Les chemises blanches,—,status,,100,73,94,0.0,0.0000,true
336,La Vague,« Ça ne peut plus arriver ? »,Thriller,spe,70,95,72,34,46.3,0.2059,true
336,La Vague,La spirale incontrôlable,Thriller,phys,80,90,72,38,45.5,0.1842,true
336,La Vague,Le drame de Tim,Drame,spe,75,95,73,68,36.9,0.1471,true
337,Millennium Actress,La clé du souvenir le plus précieux,Animation,spe,75,95,73,132,39.1,0.1591,true
337,Millennium Actress,La course à travers les époques,Animation,phys,55,100,73,30,24.4,0.0333,true
337,Millennium Actress,« C'est lui que je poursuis »,—,status,,100,73,0,,,false
337,Millennium Actress,Le mélange film et réalité,Drame,spe,80,95,72,239,38.3,0.1255,true
337,Millennium Actress,L'équipe de tournage de Genya,Animation,spe,70,95,72,42,37.4,0.0238,true
337,Millennium Actress,La neige de l'adieu,Drame,spe,80,90,73,111,30.2,0.0721,true
338,Amer béton,Les toits de la Ville au Trésor,—,status,,100,72,95,0.0,0.0000,true
338,Amer béton,Kuro le Noir,Action,phys,85,95,72,197,34.7,0.1624,true
338,Amer béton,Shiro l'innocent,—,status,,100,73,240,0.0,0.0000,true
338,Amer béton,Le Minotaure intérieur,Action,phys,75,95,73,125,27.9,0.0960,true
338,Amer béton,Les promoteurs et le parc,—,status,,100,73,1,0.0,0.0000,false
338,Amer béton,« Les vis qui me manquent »,Animation,spe,75,95,73,181,33.2,0.1381,true
339,Look Back,Le dos de Kyomoto,Animation,spe,75,95,72,24,52.3,0.4167,true
339,Look Back,La rivalité des 4-koma,—,status,,100,72,101,0.0,0.0000,true
339,Look Back,La danse sous la pluie,Animation,phys,55,100,72,127,65.3,0.2677,true
339,Look Back,« Pourquoi tu dessines ? »,—,status,,100,72,0,,,false
339,Look Back,Le manga publié,Animation,spe,85,85,72,175,48.4,0.2171,true
339,Look Back,Le deuil et la page blanche,Drame,spe,65,100,72,149,44.2,0.1611,true
340,Gatsby le Magnifique,« Old sport »,—,status,,100,73,64,0.0,0.0000,true
340,Gatsby le Magnifique,La lumière verte,Romance,spe,75,95,73,106,47.9,0.1792,true
340,Gatsby le Magnifique,Les fêtes de West Egg,Drame,spe,80,90,73,35,18.9,0.0571,true
340,Gatsby le Magnifique,« Je n'ai jamais vu d'aussi belles chemises »,—,status,,100,72,0,,,false
340,Gatsby le Magnifique,Les yeux du Dr T.J. Eckleburg,Drame,spe,80,95,72,83,31.7,0.0723,true
340,Gatsby le Magnifique,La Duesenberg jaune,Drame,phys,85,95,73,77,21.3,0.0909,true
341,Arrietty; le petit monde des chapardeurs,L'expédition d'emprunt,—,status,,100,73,90,0.0,0.0000,true
341,Arrietty; le petit monde des chapardeurs,L'épingle à cheveux-rapière,Aventure,phys,60,100,72,20,8.9,0.0500,true
341,Arrietty; le petit monde des chapardeurs,La maison de poupée,—,status,,100,73,89,0.0,0.0000,true
341,Arrietty; le petit monde des chapardeurs,Haru la gouvernante,Aventure,spe,75,95,72,104,31.4,0.0673,true
341,Arrietty; le petit monde des chapardeurs,Le chat géant,Aventure,phys,75,100,73,61,24.7,0.1311,true
341,Arrietty; le petit monde des chapardeurs,Adhésif et pince à linge,Aventure,spe,80,95,73,263,36.2,0.1217,true
342,L'Effet papillon,Les carnets de l'enfance,Science-Fiction,spe,75,95,73,142,41.8,0.0845,true
342,L'Effet papillon,Le battement d'ailes,—,status,,100,73,0,,,false
342,L'Effet papillon,La ligne temporelle catastrophe,Thriller,phys,80,95,72,38,49.6,0.1316,true
342,L'Effet papillon,Les trous noirs de mémoire,Thriller,spe,80,95,73,226,43.9,0.1195,true
342,L'Effet papillon,Le bâton de dynamite,Thriller,phys,65,95,72,16,11.8,0.6250,true
342,L'Effet papillon,« Je vais y retourner »,Thriller,spe,70,95,73,34,45.7,0.0882,true
343,Le Géant de fer,« Je ne suis pas une arme »,—,status,,100,72,160,0.0,0.0000,true
343,Le Géant de fer,« Superman »,—,status,,100,72,133,0.0,0.0000,true
343,Le Géant de fer,L'arsenal qui se déploie,Science-Fiction,spe,85,95,73,243,38.1,0.1399,true
343,Le Géant de fer,Hogarth et l'amitié,—,status,,100,73,374,0.0,0.0000,true
343,Le Géant de fer,Kent Mansley,Animation,spe,75,95,73,109,40.8,0.1560,true
343,Le Géant de fer,« Tu restes; j'y vais »,Science-Fiction,phys,80,90,73,163,65.3,0.2761,true
344,Redline,La Trans-AM 20000,—,status,,100,73,82,0.0,0.0000,true
344,Redline,Le boost Redline,Action,phys,85,95,73,239,63.0,0.2929,true
344,Redline,La banane de JP,—,status,,100,73,92,0.0,0.0000,true
344,Redline,Sonoshee en tête,Action,phys,70,100,72,78,55.3,0.2564,true
344,Redline,L'armée de Roboworld,—,status,,100,72,0,,,false
344,Redline,L'animation qui explose,Animation,spe,75,95,73,68,35.8,0.2059,true
345,Berserk; l'âge d'or – Partie 1 : L'Œuf du roi conquérant,L'épée gigantesque de Guts,Guerre,phys,90,90,72,289,36.2,0.1073,true
345,Berserk; l'âge d'or – Partie 1 : L'Œuf du roi conquérant,Le duel pour entrer dans la Bande,Guerre,phys,80,90,73,9,35.1,0.1111,true
345,Berserk; l'âge d'or – Partie 1 : L'Œuf du roi conquérant,Le Béhélit,Animation,phys,75,95,73,51,52.4,0.1765,true
345,Berserk; l'âge d'or – Partie 1 : L'Œuf du roi conquérant,Le charisme de Griffith,Guerre,phys,80,95,73,110,41.0,0.1636,true
345,Berserk; l'âge d'or – Partie 1 : L'Œuf du roi conquérant,La Bande du Faucon,—,status,,100,72,83,0.0,0.0000,true
345,Berserk; l'âge d'or – Partie 1 : L'Œuf du roi conquérant,Casca à la lame,Animation,phys,55,100,73,23,43.7,0.1739,true
346,Berserk; l'âge d'or – Partie 2 : La Bataille de Doldrey,L'assaut de Doldrey,Action,phys,95,90,73,275,35.7,0.1309,true
346,Berserk; l'âge d'or – Partie 2 : La Bataille de Doldrey,Le tueur de cent hommes,Action,phys,75,90,73,0,,,true
346,Berserk; l'âge d'or – Partie 2 : La Bataille de Doldrey,Duel contre Adon,Action,phys,75,100,73,145,34.3,0.1517,true
346,Berserk; l'âge d'or – Partie 2 : La Bataille de Doldrey,Casca déchaînée,Animation,phys,75,95,73,60,39.2,0.1833,true
346,Berserk; l'âge d'or – Partie 2 : La Bataille de Doldrey,La gloire du Faucon,Animation,phys,75,95,72,106,41.8,0.1509,true
346,Berserk; l'âge d'or – Partie 2 : La Bataille de Doldrey,L'épée qui ne plie jamais,—,status,,100,72,90,0.0,0.0000,true
347,Berserk; l'âge d'or – Partie 3 : L'Avent,L'Éclipse,—,status,,100,73,164,0.0,0.0000,false
347,Berserk; l'âge d'or – Partie 3 : L'Avent,La Main de Dieu,Horreur,spe,90,90,73,274,23.2,0.0730,true
347,Berserk; l'âge d'or – Partie 3 : L'Avent,Femto,Horreur,spe,90,85,73,81,11.9,0.0370,true
347,Berserk; l'âge d'or – Partie 3 : L'Avent,La Marque du Sacrifice,Horreur,phys,75,95,73,83,19.5,0.0361,true
347,Berserk; l'âge d'or – Partie 3 : L'Avent,Guts mutilé,Animation,phys,75,100,72,280,44.5,0.1714,true
347,Berserk; l'âge d'or – Partie 3 : L'Avent,La meute d'Apôtres,Horreur,phys,65,95,72,29,5.8,0.2759,true
348,Scary Movie,« Wazzaaa ?! »,—,status,,100,73,101,0.0,0.0000,true
348,Scary Movie,Parodie de Ghostface,Horreur,phys,65,95,73,36,3.1,0.0000,true
348,Scary Movie,Bullet-time foireux,—,status,,100,73,19,0.0,0.0000,false
348,Scary Movie,« Je vois les morts »,Horreur,phys,75,95,72,65,14.4,0.0462,true
348,Scary Movie,Shorty défoncé,—,status,,100,72,38,0.0,0.0000,false
348,Scary Movie,Gag gore en pagaille,Horreur,phys,80,95,73,193,18.7,0.0829,true
349,Yamakasi,Saut de l'ange entre deux toits,—,status,,100,73,0,,,false
349,Yamakasi,Les samouraïs des temps modernes,Aventure,phys,75,95,73,120,25.0,0.0667,true
349,Yamakasi,Course sur les toits de Paris,Aventure,phys,60,100,74,19,13.0,0.7895,true
349,Yamakasi,Le casse pour sauver le petit,Aventure,phys,80,95,73,239,27.0,0.0837,true
349,Yamakasi,Façade escaladée à mains nues,Aventure,phys,70,100,73,22,31.5,0.1364,true
349,Yamakasi,Semer les flics,Aventure,phys,70,95,74,0,,,true
350,Taxi,Le turbo du 406,—,status,,100,73,42,0.0,0.0000,true
350,Taxi,Course-poursuite dans Marseille,Action,phys,85,95,73,173,36.8,0.1214,true
350,Taxi,Émilien au volant,—,status,,100,72,26,0.0,0.0000,false
350,Taxi,« Elle est où la bombe ?! »,Action,phys,75,95,72,64,33.3,0.1094,true
350,Taxi,Le gang des Mercedes,Action,phys,60,100,73,23,15.4,0.6522,true
350,Taxi,Demi-tour à 180,Comédie,phys,75,95,73,56,42.1,0.1786,true
351,Spider-Man : New Generation,Le saut de la foi,—,status,,100,130,233,0.0,0.0000,true
351,Spider-Man : New Generation,La décharge Venom,Science-Fiction,phys,90,85,130,275,44.6,0.1091,true
351,Spider-Man : New Generation,« N'importe qui peut porter le masque »,Action,spe,75,95,130,80,58.5,0.1500,true
351,Spider-Man : New Generation,Le collisionneur de Kingpin,Science-Fiction,spe,80,90,130,270,53.2,0.1481,true
351,Spider-Man : New Generation,Le Spider-Gang,Action,spe,80,95,130,378,43.9,0.1032,true
351,Spider-Man : New Generation,Camouflage et frappe surprise,Action,phys,55,100,130,19,32.5,0.5263,true
352,Spider-Man : Across the Spider-Verse,La Spider-Society,Action,spe,75,95,130,133,48.8,0.1429,true
352,Spider-Man : Across the Spider-Verse,Miguel O'Hara,Action,phys,80,95,130,140,40.3,0.0786,true
352,Spider-Man : Across the Spider-Verse,Le « moment canon »,—,status,,100,130,0,,,false
352,Spider-Man : Across the Spider-Verse,La Tache (le Spot),Science-Fiction,spe,85,85,130,448,49.2,0.1741,true
352,Spider-Man : Across the Spider-Verse,Spider-Punk en renfort,Action,spe,80,95,130,647,44.1,0.1376,true
352,Spider-Man : Across the Spider-Verse,« Je fais mon truc à moi »,Action,phys,65,100,130,10,24.9,0.5000,true
353,Toy Story 2,Zurg : « Je suis ton père »,Animation,spe,75,95,73,40,41.4,0.1250,true
353,Toy Story 2,Le Prospecteur (Pile-Poil),Aventure,spe,80,95,73,232,38.5,0.1293,true
353,Toy Story 2,« Tu n'es qu'un jouet ! »,—,status,,100,72,0,,,false
353,Toy Story 2,Bullseye au galop,Aventure,phys,70,100,72,66,31.7,0.1212,true
353,Toy Story 2,Le tapis à bagages,Aventure,phys,60,100,73,35,23.8,0.1714,true
353,Toy Story 2,« Quand elle m'aimait »,Animation,spe,85,85,73,148,39.1,0.1216,true
354,Toy Story 3,Lotso l'ours fraise,—,status,,100,72,0,,,false
354,Toy Story 3,Buzz en mode espagnol,—,status,,100,72,84,0.0,0.0000,true
354,Toy Story 3,L'incinérateur,Aventure,phys,80,95,72,207,61.5,0.2415,true
354,Toy Story 3,Big Baby,Aventure,phys,75,100,72,41,61.9,0.3415,true
354,Toy Story 3,Le singe à cymbales,—,status,,100,72,29,0.0,0.0000,false
354,Toy Story 3,« Adieu; partenaire »,Animation,spe,75,95,72,104,42.3,0.1923,true
355,Shrek 2,Les grands yeux du Chat Potté,—,status,,100,72,1,0.0,0.0000,false
355,Shrek 2,« I Need a Hero »,Aventure,spe,75,95,73,68,40.3,0.0882,true
355,Shrek 2,Mongo le pain d'épices géant,Aventure,phys,85,95,73,178,23.6,0.0899,true
355,Shrek 2,La potion « Pour toujours »,—,status,,100,73,0,,,false
355,Shrek 2,L'épée du Chat Potté,Aventure,phys,65,100,72,2,20.0,0.0000,true
355,Shrek 2,« Connaissez-vous le marchand de muffins ? »,Aventure,spe,80,95,73,268,32.9,0.1194,true
356,Shrek le troisième,Le Prince Charmant vexé,—,status,,100,73,0,,,false
356,Shrek le troisième,Artie le branleur,—,status,,100,73,28,0.0,0.0000,true
356,Shrek le troisième,Merlin le mage gâteux,Aventure,spe,75,95,72,45,25.0,0.1333,true
356,Shrek le troisième,Blanche-Neige déchaînée,Aventure,phys,55,100,73,2,53.5,0.0000,true
356,Shrek le troisième,Les cauchemars de paternité,Comédie,phys,75,95,73,87,28.7,0.0920,true
356,Shrek le troisième,Coup d'ogre,Aventure,phys,90,85,72,140,26.6,0.1000,true
357,Shrek 4 : Il était une fin,Le contrat de Tracassin,Comédie,phys,75,95,72,85,33.1,0.1059,true
357,Shrek 4 : Il était une fin,La réalité alternative,Aventure,phys,80,95,72,88,27.6,0.1023,true
357,Shrek 4 : Il était une fin,Le Chat Potté bien gras,—,status,,100,73,0,,,false
357,Shrek 4 : Il était une fin,La Résistance des ogres,Aventure,phys,70,95,73,7,24.0,0.0000,true
357,Shrek 4 : Il était une fin,Le Joueur de flûte,Aventure,phys,65,95,73,0,,,true
357,Shrek 4 : Il était une fin,Coup d'ogre désespéré,Aventure,phys,80,95,73,114,22.5,0.0965,true
358,Kung Fu Panda,La Prise de l'Index Wushi,—,status,,100,72,0,,,false
358,Kung Fu Panda,« Aujourd'hui est un cadeau »,Comédie,phys,75,95,73,11,31.2,0.0909,true
358,Kung Fu Panda,Le rebond du bide,Comédie,phys,75,100,73,69,50.6,0.1739,true
358,Kung Fu Panda,La Furie des Cinq,Action,phys,75,90,73,33,46.4,0.1818,true
358,Kung Fu Panda,Tai Lung,Action,phys,80,95,72,188,43.4,0.1383,true
358,Kung Fu Panda,Le combat pour le dernier raviol,Comédie,phys,80,95,73,133,43.4,0.1729,true
359,Kung Fu Panda 2,La paix intérieure,—,status,,100,72,66,0.0,0.0000,true
359,Kung Fu Panda 2,Les canons de Lord Shen,Action,spe,85,95,72,113,29.7,0.0619,true
359,Kung Fu Panda 2,« Mon poing a soif de justice ! »,—,status,,100,73,74,0.0,0.0000,true
359,Kung Fu Panda 2,La danse du dragon,Comédie,phys,75,95,73,127,53.0,0.2362,true
359,Kung Fu Panda 2,Le souvenir du panda,—,status,,100,73,126,0.0,0.0000,true
359,Kung Fu Panda 2,Le poing du Guerrier Dragon,Action,phys,75,95,73,64,43.4,0.2031,true
360,Kung Fu Panda 3,Kai le voleur de chi,Action,spe,85,95,73,155,28.5,0.1097,true
360,Kung Fu Panda 3,Le village des pandas,Comédie,phys,75,95,72,60,43.7,0.1333,true
360,Kung Fu Panda 3,Les jombies de jade,Action,phys,80,95,72,123,33.2,0.1707,true
360,Kung Fu Panda 3,Maître de chi,Action,spe,70,95,73,29,19.1,0.0690,true
360,Kung Fu Panda 3,Mei Mei la danseuse aux rubans,Action,phys,70,95,73,6,20.8,0.1667,true
360,Kung Fu Panda 3,Deux papas; un panda,—,status,,100,73,90,0.0,0.0000,true
361,Don Quichotte,La charge contre les moulins,Aventure,phys,65,95,73,14,49.1,0.0714,true
361,Don Quichotte,Le Chevalier à la Triste Figure,Aventure,spe,75,95,73,56,26.7,0.1250,true
361,Don Quichotte,L'attaque du cinéma,Aventure,phys,75,100,72,72,55.1,0.1944,true
361,Don Quichotte,Sancho le fidèle,—,status,,100,73,0,,,false
361,Don Quichotte,Le monde moderne,Drame,spe,80,95,73,129,37.4,0.1240,true
361,Don Quichotte,Pour Dulcinée,—,status,,100,72,39,0.0,0.0000,true
362,Les Nouveaux Héros,« Sur une échelle de 1 à 10 ? »,Animation,phys,75,95,73,101,38.7,0.1584,true
362,Les Nouveaux Héros,Le poing-fusée,Action,phys,85,95,72,229,34.4,0.1354,true
362,Les Nouveaux Héros,Les Microbots,Action,spe,85,85,73,127,25.9,0.1181,true
362,Les Nouveaux Héros,Yokai au masque kabuki,Action,phys,80,95,73,122,37.1,0.1393,true
362,Les Nouveaux Héros,Baymax à plat,Animation,phys,70,95,72,47,43.8,0.1277,true
362,Les Nouveaux Héros,« Êtes-vous satisfait des soins reçus ? »,—,status,,100,73,214,0.0,0.0000,true
363,Double Dragon,Le médaillon du Double Dragon,—,status,,100,72,0,,,false
363,Double Dragon,Koga Shuko en ombre,Fantastique,phys,75,95,73,61,25.5,0.0820,true
363,Double Dragon,Bo Abobo muté,Action,phys,80,95,73,136,26.3,0.0294,true
363,Double Dragon,Les frères Lee,Action,phys,60,100,72,13,12.2,0.8462,true
363,Double Dragon,« Attends de rencontrer mes avocats ! »,—,status,,100,73,0,,,false
363,Double Dragon,Le Power Corps,Action,phys,65,100,73,56,19.0,0.0536,true
364,Astérix & Obélix : Mission Cléopâtre,« Je suis votre serviteur Numérobis »,—,status,,100,73,63,0.0,0.0000,true
364,Astérix & Obélix : Mission Cléopâtre,La potion magique,—,status,,100,73,71,0.0,0.0000,true
364,Astérix & Obélix : Mission Cléopâtre,« Quand l'appétit va; tout va »,—,status,,100,73,179,0.0,0.0000,true
364,Astérix & Obélix : Mission Cléopâtre,La baffe d'Obélix,Aventure,phys,95,90,73,173,58.6,0.2370,true
364,Astérix & Obélix : Mission Cléopâtre,Amonbofis le rival,Comédie,spe,75,95,72,64,50.2,0.1250,true
364,Astérix & Obélix : Mission Cléopâtre,« Je le pousserai jusqu'au boutisme »,Aventure,phys,70,95,72,38,47.4,0.1053,true
365,RoboCop,« À toi de jouer; ordure »,Action,phys,75,95,73,67,31.4,0.1343,true
365,RoboCop,L'Auto-9,Action,phys,85,95,73,341,38.4,0.1701,true
365,RoboCop,ED-209,Action,phys,80,95,73,148,32.9,0.0878,true
365,RoboCop,Les Directives premières,—,status,,100,73,113,0.0,0.0000,true
365,RoboCop,Le tir chirurgical,Action,phys,70,95,72,17,33.9,0.1765,true
365,RoboCop,« I'd buy that for a dollar! »,—,status,,100,72,0,,,false
366,Le BGG : Le Bon Gros Géant,L'attrape-rêves,—,status,,100,72,70,0.0,0.0000,true
366,Le BGG : Le Bon Gros Géant,Le frobscottle,Aventure,phys,65,95,73,66,18.1,0.3788,true
366,Le BGG : Le Bon Gros Géant,Le snozzcumber,—,status,,100,73,0,,,false
366,Le BGG : Le Bon Gros Géant,Le Croque-Mitaine,Aventure,phys,85,95,73,214,29.1,0.0607,true
366,Le BGG : Le Bon Gros Géant,Le gobblefunk,Aventure,phys,75,95,72,42,27.8,0.0238,true
366,Le BGG : Le Bon Gros Géant,Le piège de Buckingham,Fantastique,phys,80,95,73,118,31.9,0.0932,true
367,Les Aventures de Tintin : Le Secret de la Licorne,« Bachi-bouzouk ! »,—,status,,100,73,0,,,false
367,Les Aventures de Tintin : Le Secret de la Licorne,Les trois maquettes de la Licorne,Action,phys,75,95,73,55,49.2,0.2727,true
367,Les Aventures de Tintin : Le Secret de la Licorne,Le duel de grues,Action,phys,85,95,72,177,41.7,0.1582,true
367,Les Aventures de Tintin : Le Secret de la Licorne,Milou à la rescousse,Aventure,phys,65,95,73,87,50.6,0.2644,true
367,Les Aventures de Tintin : Le Secret de la Licorne,La tempête en hydravion,Action,spe,70,100,73,32,34.4,0.0625,true
367,Les Aventures de Tintin : Le Secret de la Licorne,Le whisky du capitaine,—,status,,100,72,73,0.0,0.0000,true
368,Captain Fantastic,« Le pouvoir au peuple ! »,Drame,spe,75,95,73,9,30.6,0.0000,true
368,Captain Fantastic,La chasse au couteau,Aventure,phys,85,95,72,151,34.4,0.0927,true
368,Captain Fantastic,Le jour de Noam Chomsky,Drame,spe,80,95,72,178,32.6,0.1011,true
368,Captain Fantastic,L'escalade à mains nues,—,status,,100,73,0,,,false
368,Captain Fantastic,Le bus « Steve »,—,status,,100,73,78,0.0,0.0000,true
368,Captain Fantastic,La caverne de Platon,Drame,spe,80,90,73,82,30.6,0.0854,true
369,Arthur et les Minimoys,Le passage des Minimoys,—,status,,100,72,25,0.0,0.0000,true
369,Arthur et les Minimoys,Princesse Sélénia,Aventure,phys,75,95,72,98,39.3,0.0612,true
369,Arthur et les Minimoys,Maltazard le Maudit,—,status,,100,72,0,,,false
369,Arthur et les Minimoys,Bétamèche et ses gadgets,Fantastique,phys,75,95,72,44,24.6,0.1136,true
369,Arthur et les Minimoys,La quête des rubis,Aventure,phys,65,95,72,62,27.7,0.3548,true
369,Arthur et les Minimoys,Le monde géant,Fantastique,phys,80,95,72,85,24.3,0.1176,true
370,Virgin Suicides,La brume de la banlieue,Drame,spe,75,95,73,7,47.4,0.1429,true
370,Virgin Suicides,Lux et Trip Fontaine,—,status,,100,73,66,0.0,0.0000,true
370,Virgin Suicides,« Vous n'avez jamais été une fille de 13 ans »,—,status,,100,72,0,,,false
370,Virgin Suicides,Playground Love,Romance,spe,80,90,73,46,29.2,0.0652,true
370,Virgin Suicides,Les garçons qui observent,Drame,spe,80,95,73,162,27.3,0.0556,true
370,Virgin Suicides,L'indicible,Drame,spe,80,90,72,63,24.3,0.0794,true
371,La Haine,« C'est à moi que tu parles ? »,—,status,,100,130,246,0.0,0.0000,true
371,La Haine,Le flingue perdu,Crime,phys,85,95,130,322,74.4,0.2640,true
371,La Haine,« Le monde est à nous »,Drame,spe,75,95,130,98,46.4,0.1735,true
371,La Haine,La garde à vue,Crime,spe,80,95,130,214,39.2,0.1262,true
371,La Haine,La rage de la cité,Drame,phys,70,95,130,278,85.1,0.3094,true
371,La Haine,« Jusqu'ici tout va bien »,Drame,spe,85,85,130,275,36.2,0.1091,true
372,American History X,« A-t-on rendu sa vie meilleure ? »,Drame,spe,75,95,130,491,45.2,0.1263,true
372,American History X,La transformation en prison,—,status,,100,130,534,0.0,0.0000,true
372,American History X,Le débat à table,Drame,spe,75,95,130,550,43.6,0.1273,true
372,American History X,L'acte irréparable,Crime,phys,85,95,130,364,55.8,0.2280,true
372,American History X,Le tatouage renié,—,status,,100,130,0,,,false
372,American History X,Le cycle de la haine,Drame,spe,65,100,130,39,43.8,0.2564,true
373,Deadpool,« Maximum effort »,—,status,,100,72,129,0.0,0.0000,true
373,Deadpool,Le massacre sur l'autoroute,Action,phys,75,90,73,113,49.4,0.2212,true
373,Deadpool,Bris du quatrième mur,—,status,,100,73,41,0.0,0.0000,false
373,Deadpool,La main-bébé,—,status,,100,73,164,0.0,0.0000,true
373,Deadpool,Les katanas de Wade,Action,phys,80,95,72,218,48.7,0.2110,true
373,Deadpool,« Did somebody say chimichangas? »,Comédie,phys,75,95,73,157,71.5,0.3503,true
374,Paul,Paul le martien mal embouché,—,status,,100,73,27,0.0,0.0000,true
374,Paul,Le pouvoir de guérison,—,status,,100,73,70,0.0,0.0000,true
374,Paul,L'invisibilité,—,status,,100,73,0,,,false
374,Paul,Les nerds de Comic-Con,Science-Fiction,phys,75,95,73,63,46.6,0.1587,true
374,Paul,La course en camping-car,Comédie,phys,60,100,72,63,35.4,0.4286,true
374,Paul,« Tu veux mon cerveau ? »,Comédie,phys,90,85,72,115,42.1,0.1565,true
375,Le Dernier Pub avant la fin du monde,La tournée des 12 pubs,—,status,,100,73,35,0.0,0.0000,true
375,Le Dernier Pub avant la fin du monde,Les Blanks,Science-Fiction,phys,90,85,73,173,34.3,0.1387,true
375,Le Dernier Pub avant la fin du monde,La baston de bar,Comédie,phys,55,100,73,99,47.5,0.2828,true
375,Le Dernier Pub avant la fin du monde,Les têtes qui se dévissent,Science-Fiction,phys,75,95,73,46,39.6,0.1304,true
375,Le Dernier Pub avant la fin du monde,« On veut juste être libres et se mettre minables »,—,status,,100,72,0,,,false
375,Le Dernier Pub avant la fin du monde,La dernière pinte,Science-Fiction,spe,65,100,72,32,29.3,0.1250,true
376,Shaun of the Dead,« T'as du rouge sur toi »,Comédie,spe,75,95,72,193,35.7,0.1347,true
376,Shaun of the Dead,La batte de cricket,Horreur,phys,70,100,73,62,29.6,0.1452,true
376,Shaun of the Dead,Le lancer de vinyles,Comédie,phys,60,100,73,127,57.2,0.3150,true
376,Shaun of the Dead,« Don't Stop Me Now »,—,status,,100,73,94,0.0,0.0000,true
376,Shaun of the Dead,« On vient te chercher; Barbara ! »,—,status,,100,72,0,,,false
376,Shaun of the Dead,Le siège du Winchester,Horreur,phys,85,95,73,87,41.0,0.1609,true
377,Hot Fuzz,Le saut avec deux flingues,Action,phys,75,90,72,72,54.9,0.2500,true
377,Hot Fuzz,« Le Bien Commun »,Comédie,spe,75,95,72,104,38.4,0.1346,true
377,Hot Fuzz,Le cygne en cavale,—,status,,100,72,0,,,false
377,Hot Fuzz,La fusillade du village,Action,phys,80,95,72,215,44.8,0.1860,true
377,Hot Fuzz,La mine marine,Action,phys,70,95,72,16,53.3,0.1250,true
377,Hot Fuzz,L'arsenal de la ferme,—,status,,100,72,99,0.0,0.0000,true
378,Evil Dead,Le Necronomicon,—,status,,100,72,31,0.0,0.0000,false
378,Evil Dead,La force maléfique,Horreur,phys,80,90,72,106,26.3,0.1226,true
378,Evil Dead,« Join us »,Horreur,phys,75,95,73,78,26.2,0.1026,true
378,Evil Dead,La possession de Cheryl,Horreur,spe,80,90,73,77,11.9,0.0130,true
378,Evil Dead,Le siège de la cabane,Horreur,phys,65,95,73,31,6.3,0.0000,true
378,Evil Dead,La décomposition finale,Fantastique,phys,80,95,73,198,28.3,0.0556,true
379,Split,La Bête,Horreur,phys,95,90,73,82,40.6,0.2195,true
379,Split,Dennis le maniaque,Horreur,spe,75,95,73,3,0.3,0.3333,true
379,Split,Hedwig; 9 ans,Thriller,spe,80,95,73,202,37.3,0.0891,true
379,Split,« Kevin Wendell Crumb ! »,—,status,,100,72,109,0.0,0.0000,true
379,Split,Patricia,—,status,,100,73,88,0.0,0.0000,true
379,Split,La lumière,Horreur,spe,75,100,72,27,19.4,0.1111,true
380,Le Chat Potté,Les grands yeux,—,status,,100,73,0,,,false
380,Le Chat Potté,L'épée du Chat Potté,Aventure,phys,75,100,73,130,29.2,0.1154,true
380,Le Chat Potté,Les haricots magiques,—,status,,100,73,45,0.0,0.0000,true
380,Le Chat Potté,Œuf-fé Dumpty,Comédie,phys,75,95,73,109,38.3,0.1009,true
380,Le Chat Potté,Kitty Pattes de Velours,Comédie,phys,60,100,72,32,30.9,0.4375,true
380,Le Chat Potté,L'Oie d'or,Comédie,spe,75,95,72,34,30.5,0.0588,true
381,Le Chat Potté 2 : la dernière quête,La Mort (le Loup),Aventure,phys,75,95,129,220,91.4,0.3864,true
381,Le Chat Potté 2 : la dernière quête,« Je suis le Chat Potté ! »,—,status,,100,129,183,0.0,0.0000,true
381,Le Chat Potté 2 : la dernière quête,L'Étoile à vœu,—,status,,100,129,202,0.0,0.0000,true
381,Le Chat Potté 2 : la dernière quête,L'escrime façon manga,Aventure,phys,85,95,130,490,83.8,0.3347,true
381,Le Chat Potté 2 : la dernière quête,Perrito le chien thérapeute,—,status,,100,130,383,0.0,0.0000,true
381,Le Chat Potté 2 : la dernière quête,Boucle d'Or et les Trois Ours,Comédie,phys,65,100,129,261,96.0,0.4215,true
382,King Kong,Le combat contre les V-Rex,Action,phys,75,90,73,23,61.3,0.3043,true
382,King Kong,Le martèlement de poitrine,—,status,,100,72,74,0.0,0.0000,true
382,King Kong,Skull Island,Aventure,phys,75,95,72,96,49.8,0.2396,true
382,King Kong,La fosse aux insectes,Aventure,phys,75,95,73,82,30.4,0.1341,true
382,King Kong,L'ascension de l'Empire State,Action,phys,80,95,73,213,39.7,0.1784,true
382,King Kong,Le coucher de soleil sur la falaise,—,status,,100,73,152,0.0,0.0000,true
383,King Kong,Le rugissement de Kong,—,status,,100,130,12,0.0,0.0000,false
383,King Kong,Fay Wray dans sa paume,—,status,,100,130,20,0.0,0.0000,false
383,King Kong,Le combat contre le tyrannosaure,Fantastique,phys,90,85,130,589,32.1,0.0594,true
383,King Kong,La Grande Muraille de Skull Island,—,status,,100,130,237,0.0,0.0000,true
383,King Kong,Les biplans de l'Empire State,Aventure,phys,75,100,130,476,41.8,0.0987,true
383,King Kong,La chute du gratte-ciel,Fantastique,phys,65,95,130,198,30.6,0.0707,true
384,Godzilla,Le souffle atomique,Science-Fiction,spe,90,90,73,62,28.2,0.1452,true
384,Godzilla,« Let them fight »,Science-Fiction,phys,75,95,73,113,42.5,0.1770,true
384,Godzilla,Les MUTOs,Science-Fiction,phys,70,100,73,40,36.5,0.1750,true
384,Godzilla,Le coup de queue,Action,phys,85,95,72,146,34.3,0.1849,true
384,Godzilla,Le saut HALO,Action,phys,80,95,73,57,30.3,0.1053,true
384,Godzilla,Le raz-de-marée,—,status,,100,72,0,,,false
385,Le Hobbit : Un voyage inattendu,« Je pars à l'aventure ! »,—,status,,100,72,70,0.0,0.0000,true
385,Le Hobbit : Un voyage inattendu,Énigmes dans le noir,Fantastique,phys,75,95,72,34,16.5,0.0588,true
385,Le Hobbit : Un voyage inattendu,Dard; l'épée elfique,Aventure,phys,70,95,72,82,27.8,0.0732,true
385,Le Hobbit : Un voyage inattendu,La chanson des Nains d'Erebor,Fantastique,phys,80,95,72,121,27.6,0.0579,true
385,Le Hobbit : Un voyage inattendu,Azog le Profanateur,Fantastique,phys,80,95,72,93,27.8,0.0430,true
385,Le Hobbit : Un voyage inattendu,Les trolls changés en pierre,Fantastique,phys,70,95,72,7,19.3,0.0000,true
386,Le Bon; la Brute et le Truand,Le triel mexicain,Western,phys,130,60,130,330,32.8,0.0788,true
386,Le Bon; la Brute et le Truand,« Quand on tire; on raconte pas sa vie »,—,status,,100,130,0,,,false
386,Le Bon; la Brute et le Truand,Le thème de Morricone,Western,spe,75,95,130,210,40.2,0.1143,true
386,Le Bon; la Brute et le Truand,L'or de Sad Hill,Western,spe,80,95,130,666,38.3,0.1081,true
386,Le Bon; la Brute et le Truand,La bataille du pont,Western,phys,75,100,130,147,24.9,0.0272,true
386,Le Bon; la Brute et le Truand,Le cigare de Blondie,Western,phys,65,95,130,19,14.1,0.5263,true
387,Deadpool 2,X-Force,Action,phys,75,95,72,39,29.9,0.0513,true
387,Deadpool 2,Cable,Action,phys,90,85,72,127,29.0,0.0709,true
387,Deadpool 2,« Je suis le Fléau; connard »,Action,phys,85,90,73,294,29.2,0.0612,true
387,Deadpool 2,La chance de Domino,—,status,,100,73,20,0.0,0.0000,false
387,Deadpool 2,Les jambes-bébé,—,status,,100,73,152,0.0,0.0000,true
387,Deadpool 2,« That's just lazy writing »,—,status,,100,73,18,0.0,0.0000,false
388,20 000 Lieues sous les mers,Le combat contre le calmar géant,Aventure,phys,90,85,73,220,29.2,0.0727,true
388,20 000 Lieues sous les mers,Le Nautilus à l'éperon,Science-Fiction,phys,70,100,73,79,31.0,0.0633,true
388,20 000 Lieues sous les mers,Le capitaine Nemo à l'orgue,—,status,,100,73,85,0.0,0.0000,true
388,20 000 Lieues sous les mers,Le harpon de Ned Land,Aventure,phys,65,95,73,108,29.1,0.1852,true
388,20 000 Lieues sous les mers,La vengeance de Nemo,—,status,,100,72,0,,,false
388,20 000 Lieues sous les mers,Les abysses inexplorés,—,status,,100,72,0,,,false
389,Lommbock,Les retrouvailles des potes,Comédie,phys,75,95,73,22,17.9,0.0909,true
389,Lommbock,La fumette nostalgique,Comédie,phys,80,95,73,151,22.0,0.0795,true
389,Lommbock,L'ancien plan pizza-beuh,Comédie,phys,70,95,72,20,3.5,0.0500,true
389,Lommbock,Le retour du glandeur,Comédie,phys,55,100,73,3,18.7,0.0000,true
389,Lommbock,Le döner de la dernière chance,—,status,,100,73,57,0.0,0.0000,true
389,Lommbock,La cuite allemande,Comédie,phys,90,85,72,77,20.2,0.0909,true
390,Les Trois Frères,Les trois frères réunis,Comédie,spe,75,95,72,140,38.6,0.1357,true
390,Les Trois Frères,« Vous me devez 3 francs 6 sous »,Crime,spe,80,95,73,55,31.5,0.0909,true
390,Les Trois Frères,Le petit Michaël,Comédie,spe,70,95,73,38,37.9,0.0789,true
390,Les Trois Frères,L'arnaque qui foire,Crime,spe,85,95,73,144,39.5,0.0903,true
390,Les Trois Frères,La bagarre fraternelle,Comédie,phys,80,90,73,57,37.9,0.1228,true
390,Les Trois Frères,Le coup de la fausse manif,Crime,phys,55,100,72,27,23.2,0.5926,true
391,The Game,Le cadeau d'anniversaire,Thriller,spe,75,95,73,194,44.2,0.1701,true
391,The Game,« Est-ce que ça fait partie du jeu ? »,Drame,spe,80,95,72,147,44.1,0.1497,true
391,The Game,Le pantin sur l'allée,Thriller,spe,70,95,72,35,49.6,0.1429,true
391,The Game,Le taxi dans la baie,Thriller,phys,85,85,73,16,45.4,0.1875,true
391,The Game,La vie qui se défait,Drame,spe,70,100,73,46,47.2,0.2391,true
391,The Game,La chute du toit,Thriller,phys,70,95,73,0,,,true
392,Abyss,Le pseudopode,Science-Fiction,spe,75,95,73,57,37.9,0.0877,true
392,Abyss,Coffey qui pète les plombs,Aventure,phys,75,100,73,175,34.0,0.1314,true
392,Abyss,La plongée au fluorocarbone,—,status,,100,72,70,0.0,0.0000,true
392,Abyss,« Battez-vous ! »,—,status,,100,72,106,0.0,0.0000,true
392,Abyss,L'écrasement des profondeurs,Aventure,phys,70,95,73,64,43.7,0.0625,true
392,Abyss,Les NTIs,—,status,,100,73,0,,,false
393,Hunger Games : L'Embrasement,L'arène-horloge,Science-Fiction,spe,75,95,72,14,42.7,0.2143,true
393,Hunger Games : L'Embrasement,« Souviens-toi qui est le vrai ennemi »,Aventure,spe,80,95,73,159,35.9,0.1006,true
393,Hunger Games : L'Embrasement,La flèche de Katniss,Aventure,phys,75,95,73,80,48.5,0.2000,true
393,Hunger Games : L'Embrasement,Le fil de Beetee,Science-Fiction,spe,75,100,73,72,41.0,0.1250,true
393,Hunger Games : L'Embrasement,La robe de mariée en flammes,—,status,,100,72,64,0.0,0.0000,true
393,Hunger Games : L'Embrasement,La brume toxique,Science-Fiction,phys,55,100,73,24,52.9,0.2917,true
394,Hunger Games,« Je me porte volontaire ! »,—,status,,100,73,73,0.0,0.0000,true
394,Hunger Games,L'arc et les flèches,Aventure,phys,75,95,72,125,37.1,0.1520,true
394,Hunger Games,« Puissent les sorts vous être favorables »,Science-Fiction,phys,110,60,72,44,33.3,0.1136,true
394,Hunger Games,Le sifflet de Rue,—,status,,100,73,55,0.0,0.0000,true
394,Hunger Games,Le bain de sang de la Corne d'abondance,Aventure,phys,70,100,73,34,54.1,0.2647,true
394,Hunger Games,Les baies de nightlock,Aventure,spe,75,95,73,117,24.0,0.0769,true
395,Hunger Games : La Révolte - Partie 1,« The Hanging Tree »,Science-Fiction,spe,75,95,73,84,31.6,0.1310,true
395,Hunger Games : La Révolte - Partie 1,Les propos de propagande,Drame,spe,80,95,73,132,31.8,0.1288,true
395,Hunger Games : La Révolte - Partie 1,Peeta sous emprise,Drame,spe,80,90,72,84,28.1,0.1429,true
395,Hunger Games : La Révolte - Partie 1,La présidente Coin,Drame,spe,70,95,73,9,44.2,0.2222,true
395,Hunger Games : La Révolte - Partie 1,Le bombardement du 13,Science-Fiction,phys,70,95,73,50,33.2,0.1800,true
395,Hunger Games : La Révolte - Partie 1,La flèche du geai moqueur,Drame,phys,65,95,72,0,,,true
396,Le Loup de Wall Street,« Vendez-moi ce stylo »,Comédie,spe,75,95,129,267,51.5,0.1835,true
396,Le Loup de Wall Street,La rampe au Quaalude,Crime,spe,80,95,130,310,44.4,0.1290,true
396,Le Loup de Wall Street,L'arnaque du penny stock,Crime,spe,75,95,130,81,53.4,0.1975,true
396,Le Loup de Wall Street,Le cri de guerre du bureau,—,status,,100,129,235,0.0,0.0000,true
396,Le Loup de Wall Street,« Je ne pars pas; putain ! »,Comédie,spe,70,95,129,53,54.7,0.2075,true
396,Le Loup de Wall Street,Le yacht qui coule,Comédie,phys,65,100,129,402,84.2,0.3532,true
397,Total Recall,« Consider that a divorce »,Action,phys,85,85,73,85,57.9,0.2471,true
397,Total Recall,« Ramène tes fesses sur Mars »,—,status,,100,73,78,0.0,0.0000,true
397,Total Recall,Kuato « Ouvre ton esprit »,Science-Fiction,phys,75,95,72,31,83.0,0.2903,true
397,Total Recall,La décompression martienne,Science-Fiction,spe,80,90,73,40,29.3,0.2250,true
397,Total Recall,« Two weeks »,Science-Fiction,phys,80,95,72,204,52.0,0.2206,true
397,Total Recall,« On se voit à la fête; Richter ! »,Action,phys,70,95,73,26,86.7,0.1538,true
398,Incassable,Le déraillement de l'Eastrail 177,Thriller,spe,75,95,73,116,41.0,0.1466,true
398,Incassable,La barre chargée à bloc,Drame,phys,80,90,72,43,28.3,0.1163,true
398,Incassable,La vision au toucher,Thriller,spe,80,95,72,246,45.6,0.1626,true
398,Incassable,Le héros au poncho,Drame,phys,65,100,73,4,20.3,0.0000,true
398,Incassable,« Ils m'appelaient M. Verre »,Thriller,spe,70,95,73,14,44.4,0.1429,true
398,Incassable,La poignée de main,Drame,spe,65,95,73,84,35.3,0.1429,true
399,Le Village,Ceux dont on ne parle pas,—,status,,100,72,87,0.0,0.0000,true
399,Le Village,La couleur maudite,Drame,spe,75,95,73,18,28.7,0.1111,true
399,Le Village,La traversée d'Ivy,Drame,phys,65,100,72,0,,,true
399,Le Village,La cloche d'alarme,Drame,spe,80,95,73,178,33.6,0.1404,true
399,Le Village,Le secret des Anciens,Drame,spe,80,90,73,56,36.7,0.1250,true
399,Le Village,La capuche jaune,Thriller,phys,55,100,73,101,40.2,0.1485,true
400,Glass,Mr. Glass le cerveau,Thriller,phys,75,95,72,45,51.7,0.1778,true
400,Glass,La Bête déchaînée,Science-Fiction,phys,80,95,73,57,42.3,0.1579,true
400,Glass,David Dunn l'Overseer,Thriller,phys,75,100,73,132,39.6,0.1515,true
400,Glass,La chambre rose,Science-Fiction,phys,80,95,73,48,33.6,0.1042,true
400,Glass,Le Dr Staple,—,status,,100,73,0,,,false
400,Glass,La révélation finale,Science-Fiction,spe,60,100,72,18,40.6,0.1667,true
401,Léon,Le nettoyeur à l'œuvre,Action,phys,80,95,130,417,42.1,0.1079,true
401,Léon,« EVERYONE!!! »,Thriller,spe,75,95,130,547,45.8,0.1097,true
401,Léon,« I like Beethoven »,—,status,,100,130,0,,,false
401,Léon,Le fusil sur les toits,Action,phys,70,100,130,83,44.0,0.1325,true
401,Léon,La plante verte,—,status,,100,130,455,0.0,0.0000,true
401,Léon,« C'est de la part de Mathilda »,Thriller,phys,85,85,130,202,51.8,0.1782,true
402,Hitman,Les Silverballers,Action,phys,80,90,72,31,31.7,0.0968,true
402,Hitman,Le code-barres,—,status,,100,73,44,0.0,0.0000,true
402,Hitman,Le duel à l'épée,Action,phys,70,100,73,8,16.3,0.1250,true
402,Hitman,L'Agence,Thriller,phys,75,95,73,83,45.1,0.1446,true
402,Hitman,Le costume et la cravate rouge,Action,phys,80,95,73,111,28.3,0.1351,true
402,Hitman,La fuite à Saint-Pétersbourg,Thriller,phys,55,100,72,77,43.3,0.1818,true
403,Lucy,Le CPH4,—,status,,100,72,0,,,false
403,Lucy,La télékinésie,Science-Fiction,spe,80,95,73,83,31.6,0.1325,true
403,Lucy,« On n'utilise que 10% du cerveau »,Science-Fiction,phys,75,95,73,174,30.5,0.1322,true
403,Lucy,L'insensibilité à la douleur,—,status,,100,73,42,0.0,0.0000,true
403,Lucy,La fusillade du labo,Action,phys,65,100,73,60,32.3,0.1500,true
403,Lucy,« I am everywhere »,Science-Fiction,spe,60,100,72,27,30.3,0.1111,true
404,Le Cinquième Élément,« Leeloo Dallas Multipass »,—,status,,100,130,228,0.0,0.0000,true
404,Le Cinquième Élément,La Diva Plavalaguna,Science-Fiction,spe,80,90,130,75,33.9,0.1333,true
404,Le Cinquième Élément,Le ZF-1 de Zorg,Action,phys,90,85,130,469,79.5,0.3134,true
404,Le Cinquième Élément,« Aziz ! Lumière ! »,Action,phys,75,95,130,97,105.7,0.3608,true
404,Le Cinquième Élément,Ruby Rhod en folie,Science-Fiction,phys,80,95,130,493,80.2,0.2961,true
404,Le Cinquième Élément,« Big badaboom »,Action,phys,65,95,130,81,68.9,0.6543,true
405,Le Prénom,« Tu vas appeler ton fils Adolphe ?! »,—,status,,100,73,0,,,false
405,Le Prénom,La provocation de Vincent,—,status,,100,73,65,0.0,0.0000,true
405,Le Prénom,Le huis clos qui dégénère,Drame,spe,70,100,72,78,31.6,0.1282,true
405,Le Prénom,Le secret de famille,Drame,spe,70,95,73,27,30.0,0.1481,true
405,Le Prénom,La façade bourgeoise,Comédie,spe,75,95,73,182,31.8,0.0989,true
405,Le Prénom,La réplique assassine,Drame,phys,55,100,72,48,40.9,0.1458,true
406,Le Parfum : Histoire d'un meurtrier,Le nez parfait,Thriller,phys,75,95,73,52,81.4,0.2500,true
406,Le Parfum : Histoire d'un meurtrier,La distillation,Thriller,spe,75,95,72,57,32.6,0.1404,true
406,Le Parfum : Histoire d'un meurtrier,L'obsession du parfum ultime,Thriller,phys,80,95,72,188,70.5,0.2287,true
406,Le Parfum : Histoire d'un meurtrier,Le meilleur nez de Paris,—,status,,100,73,102,0.0,0.0000,true
406,Le Parfum : Histoire d'un meurtrier,Le parfum qui ensorcelle la foule,Thriller,spe,70,100,73,15,15.3,0.0000,true
406,Le Parfum : Histoire d'un meurtrier,L'homme sans odeur,Drame,phys,60,100,73,68,59.7,0.5000,true
407,Le Hobbit : La Bataille des cinq armées,« I am fire; I am death »,Fantastique,spe,80,95,73,53,34.6,0.1321,true
407,Le Hobbit : La Bataille des cinq armées,La flèche noire de Bard,Aventure,phys,80,90,73,138,56.7,0.2101,true
407,Le Hobbit : La Bataille des cinq armées,Le mal du dragon,—,status,,100,72,67,0.0,0.0000,true
407,Le Hobbit : La Bataille des cinq armées,Azog sur la glace,Fantastique,phys,70,100,72,69,56.5,0.2174,true
407,Le Hobbit : La Bataille des cinq armées,« Les Aigles arrivent ! »,Aventure,phys,75,95,73,66,38.7,0.1364,true
407,Le Hobbit : La Bataille des cinq armées,La charge de Dáin,Aventure,phys,65,95,73,21,41.2,0.0952,true
408,Le Hobbit : La Désolation de Smaug,Smaug,Fantastique,spe,85,95,72,119,31.0,0.1008,true
408,Le Hobbit : La Désolation de Smaug,La descente en tonneaux,Aventure,phys,80,90,72,42,42.6,0.1190,true
408,Le Hobbit : La Désolation de Smaug,Les araignées de la Forêt Noire,Fantastique,phys,65,100,72,15,30.3,0.0667,true
408,Le Hobbit : La Désolation de Smaug,Le piège de l'or fondu,Fantastique,phys,75,95,72,31,38.8,0.1290,true
408,Le Hobbit : La Désolation de Smaug,Énigmes face au dragon,Aventure,phys,80,95,72,188,43.7,0.1170,true
408,Le Hobbit : La Désolation de Smaug,La flèche de Legolas,Aventure,phys,55,100,72,29,25.1,0.4138,true
409,Le Seigneur des anneaux : Les Deux Tours,Le gouffre de Helm,Fantastique,phys,95,90,130,565,74.6,0.2779,true
409,Le Seigneur des anneaux : Les Deux Tours,« Sméagol contre Gollum »,Aventure,spe,75,95,130,101,39.7,0.1584,true
409,Le Seigneur des anneaux : Les Deux Tours,La dernière marche des Ents,Fantastique,phys,80,90,130,210,86.6,0.3524,true
409,Le Seigneur des anneaux : Les Deux Tours,« Forth Eorlingas ! »,Aventure,spe,80,95,130,289,47.5,0.1142,true
409,Le Seigneur des anneaux : Les Deux Tours,Gandalf le Blanc,Fantastique,spe,70,100,130,66,37.7,0.1667,true
409,Le Seigneur des anneaux : Les Deux Tours,« Mon précieux »,—,status,,100,130,207,0.0,0.0000,true
410,Le Seigneur des anneaux : Le Retour du roi,« Je ne suis pas un homme ! »,Fantastique,phys,85,90,129,335,41.5,0.1104,true
410,Le Seigneur des anneaux : Le Retour du roi,L'allumage des feux d'alarme,Aventure,spe,75,95,130,392,52.4,0.1582,true
410,Le Seigneur des anneaux : Le Retour du roi,L'Armée des Morts,Fantastique,spe,90,85,129,439,43.8,0.0911,true
410,Le Seigneur des anneaux : Le Retour du roi,« Je peux te porter ! »,—,status,,100,130,356,0.0,0.0000,true
410,Le Seigneur des anneaux : Le Retour du roi,Shelob,Fantastique,phys,75,100,129,99,36.9,0.1010,true
410,Le Seigneur des anneaux : Le Retour du roi,« Vous ne vous inclinerez devant personne »,—,status,,100,129,0,,,false
411,Harry Potter et la Chambre des secrets,Le Basilic,Fantastique,phys,85,95,72,120,33.8,0.0750,true
411,Harry Potter et la Chambre des secrets,« Suivez les araignées »,Aventure,spe,75,95,72,81,30.7,0.1235,true
411,Harry Potter et la Chambre des secrets,Le journal de Tom Jedusor,Fantastique,spe,70,100,72,37,35.9,0.1351,true
411,Harry Potter et la Chambre des secrets,La Ford Anglia volante,Aventure,phys,60,100,72,42,13.8,0.2619,true
411,Harry Potter et la Chambre des secrets,L'épée de Gryffondor,Fantastique,phys,75,95,72,17,40.9,0.2941,true
411,Harry Potter et la Chambre des secrets,Lockhart l'imposteur,Aventure,spe,80,95,72,183,35.3,0.0929,true
412,Harry Potter et la Coupe de feu,Le Magyar à pointes,Fantastique,phys,90,85,72,145,29.9,0.0552,true
412,Harry Potter et la Coupe de feu,« Tue l'autre ! »,—,status,,100,73,0,,,false
412,Harry Potter et la Coupe de feu,La résurrection de Voldemort,Fantastique,spe,80,90,72,102,23.0,0.0686,true
412,Harry Potter et la Coupe de feu,Le labyrinthe,Aventure,phys,75,95,73,153,37.0,0.0980,true
412,Harry Potter et la Coupe de feu,Priori Incantatum,Fantastique,spe,65,100,73,22,32.4,0.0000,true
412,Harry Potter et la Coupe de feu,La tâche du Lac noir,Aventure,phys,60,100,73,33,33.6,0.0909,true
413,Harry Potter et le Prisonnier d'Azkaban,« Expecto Patronum ! »,Fantastique,spe,80,95,73,228,37.1,0.0965,true
413,Harry Potter et le Prisonnier d'Azkaban,Les Détraqueurs,—,status,,100,73,0,,,false
413,Harry Potter et le Prisonnier d'Azkaban,La carte du Maraudeur,Fantastique,spe,75,95,72,75,40.5,0.1467,true
413,Harry Potter et le Prisonnier d'Azkaban,Buck l'hippogriffe,Aventure,phys,70,100,72,155,38.6,0.1355,true
413,Harry Potter et le Prisonnier d'Azkaban,Lupin le loup-garou,Fantastique,phys,70,95,73,9,14.0,0.0000,true
413,Harry Potter et le Prisonnier d'Azkaban,Le Retourneur de Temps,—,status,,100,73,0,,,false
414,Harry Potter et le Prince de sang-mêlé,« Sectumsempra ! »,Fantastique,spe,80,90,72,77,21.1,0.0649,true
414,Harry Potter et le Prince de sang-mêlé,Le souvenir de Slughorn,Aventure,spe,75,95,72,131,34.3,0.0534,true
414,Harry Potter et le Prince de sang-mêlé,Les Inferi de la grotte,Fantastique,phys,70,100,73,38,22.3,0.0789,true
414,Harry Potter et le Prince de sang-mêlé,« Severus… s'il vous plaît »,Fantastique,spe,70,95,73,18,22.4,0.0556,true
414,Harry Potter et le Prince de sang-mêlé,L'Armoire à disparaître,Fantastique,spe,80,95,73,199,25.5,0.0553,true
414,Harry Potter et le Prince de sang-mêlé,Felix Felicis,—,status,,100,73,0,,,false
415,Harry Potter et l'Ordre du Phénix,Ombrage et sa plume noire,—,status,,100,72,0,,,false
415,Harry Potter et l'Ordre du Phénix,Le combat du Département des mystères,Aventure,phys,75,95,73,91,23.7,0.0659,true
415,Harry Potter et l'Ordre du Phénix,Le sortilège de Bellatrix,Fantastique,spe,75,100,73,220,32.3,0.0864,true
415,Harry Potter et l'Ordre du Phénix,Les Sombrals,Aventure,phys,65,95,73,25,19.3,0.6000,true
415,Harry Potter et l'Ordre du Phénix,« I will have order! »,Fantastique,spe,75,95,72,63,40.2,0.0476,true
415,Harry Potter et l'Ordre du Phénix,La prophétie,Aventure,spe,80,95,73,222,37.4,0.0856,true
416,Harry Potter et les Reliques de la Mort - 1ère partie,L'infiltration du Ministère,Fantastique,spe,75,95,73,41,37.0,0.0000,true
416,Harry Potter et les Reliques de la Mort - 1ère partie,Le médaillon de Serpentard,Fantastique,spe,75,100,73,205,30.7,0.0390,true
416,Harry Potter et les Reliques de la Mort - 1ère partie,Nagini à Godric's Hollow,Fantastique,phys,85,85,72,38,19.9,0.0526,true
416,Harry Potter et les Reliques de la Mort - 1ère partie,Les Rafleurs,Aventure,spe,80,95,72,199,35.2,0.0804,true
416,Harry Potter et les Reliques de la Mort - 1ère partie,« Dobby est heureux »,Fantastique,spe,70,95,73,8,31.3,0.0000,true
416,Harry Potter et les Reliques de la Mort - 1ère partie,Le manoir des Malefoy,Fantastique,phys,65,95,73,32,10.0,0.4688,true
417,Harry Potter et les Reliques de la Mort - 2ème partie,La bataille de Poudlard,Aventure,phys,85,95,130,483,39.6,0.0994,true
417,Harry Potter et les Reliques de la Mort - 2ème partie,« C'est MA fille que tu ne toucheras pas ! »,Fantastique,spe,85,85,129,239,39.3,0.0879,true
417,Harry Potter et les Reliques de la Mort - 2ème partie,Neville et l'épée de Gryffondor,Fantastique,phys,70,100,129,159,43.8,0.1132,true
417,Harry Potter et les Reliques de la Mort - 2ème partie,« À jamais »,—,status,,100,129,312,0.0,0.0000,true
417,Harry Potter et les Reliques de la Mort - 2ème partie,L'évasion de Gringotts,Aventure,phys,65,95,129,20,30.0,0.1000,true
417,Harry Potter et les Reliques de la Mort - 2ème partie,La Baguette de Sureau,Aventure,phys,75,95,130,181,42.2,0.0663,true
418,Cinquante Nuances de Grey,Le contrat,Drame,phys,75,95,72,70,18.8,0.0571,true
418,Cinquante Nuances de Grey,« cinquante nuances de détraqué »,—,status,,100,73,0,,,false
418,Cinquante Nuances de Grey,Charlie Tango,—,status,,100,73,26,0.0,0.0000,true
418,Cinquante Nuances de Grey,L'empire Grey,Drame,spe,75,95,72,12,23.8,0.0833,true
418,Cinquante Nuances de Grey,La Salle Rouge,Drame,phys,80,95,73,105,23.4,0.1238,true
418,Cinquante Nuances de Grey,La cravate grise,Romance,phys,60,100,73,85,31.6,0.1765,true
419,TAMALA 2010 a punk cat in space,Le cycle de mort et de renaissance,—,status,,100,73,94,0.0,0.0000,true
419,TAMALA 2010 a punk cat in space,Le Colonel Sanders à la hache,Animation,phys,70,95,73,34,15.4,0.0294,true
419,TAMALA 2010 a punk cat in space,Catty & Co.,Animation,phys,75,95,73,153,46.0,0.1961,true
419,TAMALA 2010 a punk cat in space,Kentauros le flic-chien,Animation,phys,70,100,73,76,31.8,0.1974,true
419,TAMALA 2010 a punk cat in space,Tatla; le robot-chat géant,Science-Fiction,spe,80,90,72,64,33.2,0.0781,true
419,TAMALA 2010 a punk cat in space,La chatte que même la Mort redoute,—,status,,100,72,49,0.0,0.0000,true
420,Matrix Resurrections,Le jeu « Matrix »,Science-Fiction,phys,75,95,72,108,32.7,0.1574,true
420,Matrix Resurrections,« I still know kung fu »,Action,phys,80,90,72,156,28.2,0.1218,true
420,Matrix Resurrections,L'Analyste,—,status,,100,72,0,,,false
420,Matrix Resurrections,Bugs et le lapin blanc,Action,phys,70,95,72,22,47.1,0.1364,true
420,Matrix Resurrections,L'essaim de bots,Science-Fiction,spe,85,85,72,35,39.3,0.0571,true
420,Matrix Resurrections,Le vol de Neo et Trinity,—,status,,100,72,53,0.0,0.0000,true
421,Matrix Reloaded,Le Burly Brawl,Action,phys,90,85,73,192,37.2,0.1042,true
421,Matrix Reloaded,La poursuite sur l'autoroute,Action,phys,75,95,73,19,46.9,0.2105,true
421,Matrix Reloaded,L'Architecte,Science-Fiction,phys,75,95,73,112,40.6,0.1518,true
421,Matrix Reloaded,Le Mérovingien,—,status,,100,72,0,,,false
421,Matrix Reloaded,L'arrêt des balles,Science-Fiction,spe,65,100,73,45,39.5,0.2000,true
421,Matrix Reloaded,Le vol de Néo,—,status,,100,72,77,0.0,0.0000,true
422,La Guerre des mondes,Les Tripodes,Science-Fiction,phys,80,95,72,133,37.4,0.1579,true
422,La Guerre des mondes,Le rayon désintégrateur,Science-Fiction,spe,80,90,72,38,29.3,0.1053,true
422,La Guerre des mondes,L'impulsion électromagnétique,Science-Fiction,phys,75,95,72,38,50.0,0.2105,true
422,La Guerre des mondes,Le sous-sol assiégé,Thriller,phys,80,95,72,174,41.1,0.1207,true
422,La Guerre des mondes,La barbe rouge,Science-Fiction,phys,60,100,72,2,0.0,0.0000,true
422,La Guerre des mondes,L'effondrement du ferry,Thriller,phys,75,95,72,28,47.2,0.1786,true
423,Blanche-Neige et les Sept Nains,« Miroir; mon beau miroir »,—,status,,100,73,0,,,false
423,Blanche-Neige et les Sept Nains,La pomme empoisonnée,Fantastique,spe,85,85,72,119,28.0,0.0672,true
423,Blanche-Neige et les Sept Nains,« Heigh-Ho »,Animation,spe,75,95,73,132,43.5,0.1439,true
423,Blanche-Neige et les Sept Nains,La transformation en sorcière,Fantastique,spe,80,95,73,251,33.6,0.0996,true
423,Blanche-Neige et les Sept Nains,Grincheux et la bande,Animation,phys,75,95,72,94,33.9,0.0638,true
423,Blanche-Neige et les Sept Nains,La fuite dans la forêt,Animation,phys,55,100,73,32,26.1,0.3438,true
424,Horton,« Une personne est une personne »,—,status,,100,72,0,,,false
424,Horton,Le grain de poussière,Comédie,phys,75,95,73,94,37.7,0.1170,true
424,Horton,La Kangourou,Animation,phys,80,95,72,210,44.6,0.1667,true
424,Horton,La charge de Horton,Animation,phys,85,85,73,54,34.6,0.1481,true
424,Horton,Vlad le vautour,Animation,phys,65,100,73,29,28.9,0.0345,true
424,Horton,Le cri de Whoville,Comédie,phys,60,100,73,75,28.2,0.4133,true
425,Le Roi Arthur : La Légende d'Excalibur,Excalibur,Fantastique,phys,80,95,73,198,32.6,0.1515,true
425,Le Roi Arthur : La Légende d'Excalibur,Vortigern le tyran,—,status,,100,73,0,,,false
425,Le Roi Arthur : La Légende d'Excalibur,Le gamin des rues,—,status,,100,73,68,0.0,0.0000,true
425,Le Roi Arthur : La Légende d'Excalibur,Les éléphants de guerre géants,Fantastique,phys,75,95,73,60,31.8,0.2500,true
425,Le Roi Arthur : La Légende d'Excalibur,La Magicienne,Fantastique,spe,70,95,72,49,18.6,0.0408,true
425,Le Roi Arthur : La Légende d'Excalibur,Le montage à la Guy Ritchie,Fantastique,phys,75,95,72,69,24.8,0.1014,true
426,Fast and Furious,« Je vis ma vie à 400 mètres à la fois »,—,status,,100,73,89,0.0,0.0000,true
426,Fast and Furious,La bouteille de NOS,Action,phys,90,85,73,158,53.4,0.2025,true
426,Fast and Furious,Le braquage de camion,Crime,phys,70,100,73,18,22.1,0.1111,true
426,Fast and Furious,« Winning's winning »,Crime,phys,75,95,73,16,71.3,0.2500,true
426,Fast and Furious,La course sur les rails,Action,phys,65,95,72,99,40.7,0.3434,true
426,Fast and Furious,La famille,Crime,phys,80,95,72,113,41.1,0.1770,true
427,Alien vs. Predator,La Reine Alien,Science-Fiction,phys,90,85,73,92,39.4,0.1739,true
427,Alien vs. Predator,Le canon d'épaule du Predator,Action,spe,75,95,73,54,27.5,0.1667,true
427,Alien vs. Predator,Les facehuggers,—,status,,100,72,0,,,false
427,Alien vs. Predator,La pyramide qui se reconfigure,Action,phys,75,95,72,44,38.0,0.1364,true
427,Alien vs. Predator,L'alliance de circonstance,Science-Fiction,phys,80,95,73,158,31.5,0.1519,true
427,Alien vs. Predator,Le sang acide,Science-Fiction,phys,60,100,73,3,79.0,0.3333,true
428,Predator,« TOUS À L'HÉLICO ! »,—,status,,100,73,89,0.0,0.0000,true
428,Predator,Le canon à plasma,Science-Fiction,spe,85,95,72,54,43.9,0.1481,true
428,Predator,Le camouflage thermique,—,status,,100,73,0,,,false
428,Predator,« T'es vraiment moche; enfoiré »,Action,phys,75,95,73,92,67.1,0.2609,true
428,Predator,L'autodestruction,Science-Fiction,phys,75,100,73,225,70.8,0.2978,true
428,Predator,« J'ai pas le temps de saigner »,Action,phys,65,95,72,36,55.2,0.3611,true
429,Housewife Alien vs Gay Zombie,Ruth la tueuse extraterrestre,Horreur,phys,80,90,73,28,14.1,0.0714,true
429,Housewife Alien vs Gay Zombie,Le livre maudit,Horreur,phys,75,95,73,22,19.6,0.0455,true
429,Housewife Alien vs Gay Zombie,« Un meurtre ? Je traverse même pas en dehors des clous »,—,status,,100,73,7,0.0,0.0000,false
429,Housewife Alien vs Gay Zombie,Barboura; la tête dans la valise,Horreur,spe,70,95,73,20,18.7,0.1500,true
429,Housewife Alien vs Gay Zombie,La poursuite des deux flics,Comédie,phys,80,95,72,132,21.9,0.0682,true
429,Housewife Alien vs Gay Zombie,L'hommage Troma,Comédie,phys,55,100,72,48,21.8,0.2083,true
430,Le Dernier Samouraï,Le katana de Katsumoto,Action,phys,90,85,72,218,50.0,0.2064,true
430,Le Dernier Samouraï,La charge finale,Action,phys,75,95,73,9,58.3,0.1111,true
430,Le Dernier Samouraï,« La fleur parfaite est une chose rare »,Action,phys,75,95,73,76,43.4,0.1974,true
430,Le Dernier Samouraï,L'entraînement au village,—,status,,100,73,79,0.0,0.0000,true
430,Le Dernier Samouraï,Le seppuku,Drame,spe,65,100,72,86,35.4,0.1744,true
430,Le Dernier Samouraï,« Je vais vous dire comment il a vécu »,—,status,,100,73,75,0.0,0.0000,true
431,Massacre à la tronçonneuse,La tronçonneuse,Horreur,phys,85,90,72,127,21.9,0.0551,true
431,Massacre à la tronçonneuse,Le masque de peau,—,status,,100,72,26,0.0,0.0000,false
431,Massacre à la tronçonneuse,Le crochet de boucher,Horreur,phys,85,85,73,43,18.1,0.1628,true
431,Massacre à la tronçonneuse,Le dîner de famille,Thriller,phys,75,95,73,177,37.3,0.1243,true
431,Massacre à la tronçonneuse,Le coup de masse,Horreur,phys,70,95,73,0,,,true
431,Massacre à la tronçonneuse,La fuite de Sally,—,status,,100,73,93,0.0,0.0000,true
432,Keanu,Keanu le chaton,—,status,,100,72,59,0.0,0.0000,true
432,Keanu,Les 17th Street Blips,Crime,phys,75,95,72,29,25.9,0.1034,true
432,Keanu,La drogue « Holy Shit »,Comédie,phys,80,95,72,136,32.4,0.0809,true
432,Keanu,Le déguisement de caïds,Crime,phys,70,95,72,3,27.3,0.0000,true
432,Keanu,La fusillade chez Cheddar,Crime,phys,80,90,72,61,52.6,0.2295,true
432,Keanu,L'obsession George Michael,Comédie,phys,55,100,72,57,39.6,0.4561,true
433,Las Vegas Parano,« On peut pas s'arrêter ici; c'est le pays des chauves-souris ! »,Comédie,spe,75,95,73,109,42.7,0.2110,true
433,Las Vegas Parano,Le coffre plein de drogues,Comédie,spe,75,95,73,81,39.4,0.1605,true
433,Las Vegas Parano,L'adrénochrome,Drame,spe,75,100,72,43,45.4,0.1628,true
433,Las Vegas Parano,Le bad trip du Dr Gonzo,Drame,spe,80,95,73,166,37.3,0.1566,true
433,Las Vegas Parano,Le hall d'hôtel qui ondule,Comédie,phys,65,100,72,23,43.6,0.0870,true
433,Las Vegas Parano,Le rêve américain,Drame,phys,60,100,73,20,42.9,0.1000,true
434,Metropolis,Le Maschinenmensch,Science-Fiction,spe,80,95,130,383,42.2,0.0992,true
434,Metropolis,Moloch dévoreur d'ouvriers,Science-Fiction,phys,80,90,129,161,34.9,0.0932,true
434,Metropolis,« Tête; mains; cœur »,Science-Fiction,phys,75,95,129,8,27.9,0.0000,true
434,Metropolis,L'inondation de la cité basse,Science-Fiction,phys,70,100,129,0,,,true
434,Metropolis,Rotwang et sa main mécanique,Science-Fiction,phys,80,95,129,515,35.3,0.0660,true
434,Metropolis,La Tour de Babel,Drame,spe,65,95,130,240,38.0,0.1208,true
435,Les délices de Tokyo,L'an de Tokue,Drame,spe,80,90,73,270,31.9,0.0852,true
435,Les délices de Tokyo,« Écoute la voix des haricots »,Drame,spe,75,95,73,45,37.9,0.0000,true
435,Les délices de Tokyo,Les cerisiers en fleurs,—,status,,100,72,127,0.0,0.0000,true
435,Les délices de Tokyo,Le passé du sanatorium,—,status,,100,73,0,,,false
435,Les délices de Tokyo,Le dorayaki parfait,Drame,phys,75,95,73,74,16.7,0.0541,true
435,Les délices de Tokyo,La transmission,Drame,phys,55,100,72,0,,,true
436,Pacific Rim,Gipsy Danger,Science-Fiction,phys,90,85,73,130,27.8,0.0615,true
436,Pacific Rim,« Nous annulons l'apocalypse ! »,Science-Fiction,phys,75,95,72,0,,,true
436,Pacific Rim,Le Kaiju de Hong Kong,Science-Fiction,phys,80,90,72,35,30.9,0.1429,true
436,Pacific Rim,La Dérive,Science-Fiction,phys,80,95,73,193,32.3,0.1295,true
436,Pacific Rim,L'épée à plasma,Science-Fiction,phys,65,100,73,0,,,true
436,Pacific Rim,Le rocket punch,Action,phys,60,100,73,89,35.2,0.3034,true
437,Les mondes futurs,« Tout l'univers; ou le néant ? »,—,status,,100,73,45,0.0,0.0000,true
437,Les mondes futurs,La Maladie errante,Drame,phys,75,95,73,45,54.7,0.2889,true
437,Les mondes futurs,Les Ailes au-dessus du monde,Science-Fiction,phys,80,90,72,49,32.1,0.1020,true
437,Les mondes futurs,Le Canon de l'Espace,Science-Fiction,phys,75,95,73,15,41.3,0.0667,true
437,Les mondes futurs,La cité souterraine du futur,Science-Fiction,phys,80,95,72,164,39.2,0.1341,true
437,Les mondes futurs,La révolte contre le progrès,Drame,phys,65,95,73,44,39.5,0.5909,true
438,Un mariage interplanétaire,Le télégraphe amoureux,Science-Fiction,phys,75,95,73,72,26.8,0.0972,true
438,Un mariage interplanétaire,Le canon vers la Lune,Science-Fiction,phys,80,90,73,138,28.2,0.0942,true
438,Un mariage interplanétaire,Le dirigeable de Yala,—,status,,100,73,53,0.0,0.0000,true
438,Un mariage interplanétaire,Les fées de la Lune,—,status,,100,72,153,0.0,0.0000,true
438,Un mariage interplanétaire,La grotte lunaire,Romance,phys,75,95,73,63,38.4,0.0952,true
438,Un mariage interplanétaire,L'amour par-delà les mondes,Romance,phys,55,100,72,24,28.5,0.3750,true
439,A Trip to Mars,La poudre antigravité,—,status,,100,73,40,0.0,0.0000,true
439,A Trip to Mars,Le Martien géant,Science-Fiction,phys,75,95,73,31,22.5,0.0000,true
439,A Trip to Mars,La forêt martienne,Science-Fiction,phys,75,95,73,22,44.4,0.2273,true
439,A Trip to Mars,Le souffle glacial,Science-Fiction,phys,75,95,73,43,22.1,0.1163,true
439,A Trip to Mars,Les trucages à la Méliès,Science-Fiction,phys,80,95,72,142,33.9,0.1056,true
439,A Trip to Mars,La dégringolade vers la Terre,Aventure,phys,60,100,72,78,35.6,0.2179,true
440,Paris qui dort,Le rayon paralysant,Science-Fiction,spe,75,95,73,68,38.8,0.2059,true
440,Paris qui dort,Paris figé,Comédie,spe,75,95,73,66,45.6,0.1667,true
440,Paris qui dort,Le veilleur de la Tour Eiffel,—,status,,100,73,62,0.0,0.0000,true
440,Paris qui dort,Les épargnés du rayon,Comédie,spe,80,95,72,158,36.9,0.1456,true
440,Paris qui dort,Le grand interrupteur,Science-Fiction,phys,70,95,72,17,45.5,0.1176,true
440,Paris qui dort,La cavalcade dans la ville morte,Comédie,phys,65,95,73,12,6.4,0.3333,true
441,Aelita,Le trône d'Aelita,—,status,,100,72,65,0.0,0.0000,true
441,Aelita,Le télescope martien,Drame,phys,75,95,73,38,52.0,0.2632,true
441,Aelita,Le voyage vers Mars,Science-Fiction,phys,70,100,73,25,56.3,0.1600,true
441,Aelita,La révolte des opprimés,Drame,phys,80,90,73,56,45.0,0.2500,true
441,Aelita,Les décors de la planète rouge,Science-Fiction,phys,80,95,72,129,38.9,0.1240,true
441,Aelita,La trahison de la reine,Drame,phys,55,100,73,3,38.7,0.0000,true
442,Himmelskibet,L'Excelsior,Science-Fiction,phys,80,90,73,220,34.8,0.1318,true
442,Himmelskibet,Les Martiens pacifistes,—,status,,100,73,0,,,false
442,Himmelskibet,Le message de paix,—,status,,100,73,113,0.0,0.0000,true
442,Himmelskibet,Marya la Martienne,Aventure,phys,75,95,72,145,37.6,0.0828,true
442,Himmelskibet,La révolte des Terriens,Science-Fiction,phys,65,100,72,23,37.5,0.0870,true
442,Himmelskibet,Le retour éclairé,Aventure,phys,60,100,73,64,23.6,0.2813,true
443,Pokémon; le film : Mewtwo contre-attaque,Mewtwo déchaîné,Science-Fiction,spe,80,95,72,192,29.2,0.0625,true
443,Pokémon; le film : Mewtwo contre-attaque,« Quel est mon but ? »,—,status,,100,73,0,,,false
443,Pokémon; le film : Mewtwo contre-attaque,L'armée des clones,Animation,phys,80,90,73,118,35.6,0.1102,true
443,Pokémon; le film : Mewtwo contre-attaque,Le refus de Pikachu,—,status,,100,73,81,0.0,0.0000,true
443,Pokémon; le film : Mewtwo contre-attaque,Les larmes qui ressuscitent,—,status,,100,73,187,0.0,0.0000,true
443,Pokémon; le film : Mewtwo contre-attaque,Mew,Science-Fiction,phys,65,95,72,101,19.0,0.1782,true
444,Spider-Man,Les lance-toiles,Aventure,phys,80,90,73,120,35.4,0.0750,true
444,Spider-Man,Le sens d'araignée,—,status,,100,73,0,,,false
444,Spider-Man,Le Bouffon Vert,Action,phys,80,95,72,241,28.5,0.1162,true
444,Spider-Man,Le baiser à l'envers,—,status,,100,73,142,0.0,0.0000,true
444,Spider-Man,Le combat de catch,Action,phys,65,95,72,61,21.0,0.0656,true
444,Spider-Man,Le choix du pont,Aventure,phys,75,95,73,50,25.7,0.1000,true
445,Le Petit Vampire,Rüdiger le petit vampire,Fantastique,phys,80,90,73,98,28.4,0.0714,true
445,Le Petit Vampire,L'amulette,Fantastique,phys,75,95,73,41,22.0,0.0732,true
445,Le Petit Vampire,La comète,—,status,,100,73,94,0.0,0.0000,true
445,Le Petit Vampire,La famille Sackville-Bagg,Aventure,phys,75,95,72,46,17.7,0.0217,true
445,Le Petit Vampire,Rookery le chasseur,Aventure,phys,80,95,73,158,27.5,0.0949,true
445,Le Petit Vampire,Le vol nocturne,Aventure,phys,60,100,72,21,22.2,0.5714,true
446,Avatar,Le dressage du Toruk,Aventure,phys,80,95,130,468,65.7,0.2479,true
446,Avatar,Le lien à l'Arbre des Âmes,Aventure,phys,75,95,130,42,88.2,0.2619,true
446,Avatar,« Tu n'es plus au Kansas »,Science-Fiction,phys,80,95,130,343,79.9,0.2886,true
446,Avatar,L'arc na'vi de Neytiri,Aventure,phys,75,95,130,63,108.6,0.4603,true
446,Avatar,La destruction de l'Arbre-Maison,Science-Fiction,phys,75,100,130,62,112.3,0.4032,true
446,Avatar,La charge d'Eywa,—,status,,100,130,190,0.0,0.0000,true
447,Avatar : De feu et de cendres,Varang la matriarche,Action,phys,85,95,73,199,35.5,0.1156,true
447,Avatar : De feu et de cendres,Le rejet d'Eywa,—,status,,100,73,0,,,false
447,Avatar : De feu et de cendres,L'alliance avec Quaritch,Science-Fiction,phys,75,95,72,67,49.7,0.0896,true
447,Avatar : De feu et de cendres,Kiri et la flore d'Eywa,Science-Fiction,spe,80,90,73,76,30.2,0.1184,true
447,Avatar : De feu et de cendres,Les lance-flammes du clan,Action,phys,75,95,73,9,29.1,0.0000,true
447,Avatar : De feu et de cendres,La faune de Pandora,Action,phys,80,95,72,89,31.1,0.0899,true
448,Projet dernière chance,L'Astrophage,Science-Fiction,spe,85,85,73,198,37.2,0.1313,true
448,Projet dernière chance,Rocky l'ingénieur d'Érid,—,status,,100,73,0,,,false
448,Projet dernière chance,« Tope mon poing »,—,status,,100,72,162,0.0,0.0000,true
448,Projet dernière chance,Le xénonite,Science-Fiction,phys,80,90,73,137,32.1,0.0803,true
448,Projet dernière chance,Le Taumoeba,Science-Fiction,spe,65,100,73,50,33.8,0.2000,true
448,Projet dernière chance,La mission sans retour,Aventure,phys,60,100,72,86,33.9,0.1628,true
449,Une bataille après l'autre,Le French 75,Action,spe,75,95,130,342,35.5,0.0906,true
449,Une bataille après l'autre,Le colonel Lockjaw,Action,phys,85,95,130,709,36.0,0.0931,true
449,Une bataille après l'autre,Les codes oubliés,—,status,,100,130,12,0.0,0.0000,false
449,Une bataille après l'autre,Perfidia Beverly Hills,Crime,phys,70,100,130,230,33.4,0.0783,true
449,Une bataille après l'autre,Sensei et le dojo,—,status,,100,130,247,0.0,0.0000,true
449,Une bataille après l'autre,La poursuite sur la route vallonnée,Action,phys,85,85,130,266,32.5,0.0639,true
450,Le Château dans le ciel,Le cristal de Laputa,Fantastique,spe,80,90,129,154,39.2,0.0974,true
450,Le Château dans le ciel,« Balse ! »,Fantastique,spe,90,85,130,508,39.3,0.0866,true
450,Le Château dans le ciel,Le robot-gardien,Aventure,phys,70,100,129,384,40.3,0.1042,true
450,Le Château dans le ciel,Dola et les pirates du ciel,Fantastique,spe,75,95,129,70,34.2,0.0429,true
450,Le Château dans le ciel,Muska le manipulateur,—,status,,100,130,0,,,false
450,Le Château dans le ciel,L'envol de Pazu et Sheeta,Aventure,phys,55,100,129,222,35.1,0.1351,true
451,Conjuring : Les Dossiers Warren,Le jeu du « cache-cache tape »,Horreur,phys,75,95,72,29,18.2,0.0345,true
451,Conjuring : Les Dossiers Warren,Bathsheba la sorcière,Horreur,spe,80,95,72,101,21.5,0.0396,true
451,Conjuring : Les Dossiers Warren,Annabelle,—,status,,100,73,9,0.0,0.0000,false
451,Conjuring : Les Dossiers Warren,La possession,Horreur,phys,85,85,73,27,22.3,0.0000,true
451,Conjuring : Les Dossiers Warren,L'exorcisme,Thriller,spe,65,100,73,161,37.6,0.1056,true
451,Conjuring : Les Dossiers Warren,La cave inondée,Thriller,phys,60,100,73,108,40.2,0.2037,true
452,N'oublie jamais,« Si tu es un oiseau; je suis un oiseau »,—,status,,100,72,81,0.0,0.0000,true
452,N'oublie jamais,Le baiser sous la pluie,—,status,,100,73,106,0.0,0.0000,true
452,N'oublie jamais,La maison de rêve,Drame,phys,80,90,73,55,56.3,0.1273,true
452,N'oublie jamais,Les 365 lettres,Drame,spe,75,95,73,117,30.6,0.0855,true
452,N'oublie jamais,Le cahier,Romance,spe,75,95,72,74,46.7,0.1081,true
452,N'oublie jamais,La grande roue,Romance,phys,65,95,73,96,44.6,0.2813,true
453,Le Temps d'un automne,La pièce de l'église,—,status,,100,73,84,0.0,0.0000,true
453,Le Temps d'un automne,L'étoile à son nom,—,status,,100,73,98,0.0,0.0000,true
453,Le Temps d'un automne,La liste de rêves,Drame,phys,70,100,73,43,39.8,0.0930,true
453,Le Temps d'un automne,Le secret de Jamie,Drame,spe,70,95,73,87,26.4,0.0230,true
453,Le Temps d'un automne,Le mariage,Romance,spe,75,95,72,129,38.4,0.1163,true
453,Le Temps d'un automne,Le révérend,Drame,phys,55,100,72,35,38.1,0.2571,true
454,Noé,Le Déluge,Aventure,spe,90,85,73,46,39.7,0.1522,true
454,Noé,Les Veilleurs,Aventure,phys,75,95,73,100,42.3,0.1700,true
454,Noé,Tubal-Caïn,Drame,phys,75,100,73,177,34.2,0.1751,true
454,Noé,Les visions de Noé,Drame,phys,75,95,72,38,32.9,0.1053,true
454,Noé,L'Arche,—,status,,100,73,54,0.0,0.0000,true
454,Noé,Le fardeau du jugement,—,status,,100,72,0,,,false
455,Gang de Requins,Oscar le « Tombeur de requins »,—,status,,100,72,74,0.0,0.0000,true
455,Gang de Requins,Don Lino le parrain,Animation,phys,80,90,73,113,46.6,0.1416,true
455,Gang de Requins,Lenny le requin végétarien,Animation,phys,75,95,73,56,33.4,0.0179,true
455,Gang de Requins,Le lavage de baleine,Comédie,phys,80,95,73,113,44.0,0.1770,true
455,Gang de Requins,La traque du récif,Animation,phys,70,95,72,11,74.4,0.1818,true
455,Gang de Requins,Lola la séductrice,Animation,phys,65,95,73,33,25.9,0.7576,true
456,Les Rois de la glisse,Cody Maverick,—,status,,100,73,44,0.0,0.0000,true
456,Les Rois de la glisse,Tank « le Tank » Evans,Animation,phys,85,85,73,68,63.0,0.3235,true
456,Les Rois de la glisse,Big Z; la légende oubliée,—,status,,100,73,23,0.0,0.0000,true
456,Les Rois de la glisse,« Ne renie jamais qui tu es »,—,status,,100,73,63,0.0,0.0000,true
456,Les Rois de la glisse,La grande vague de Pen Gu,Animation,phys,80,90,72,85,46.2,0.1529,true
456,Les Rois de la glisse,Chicken Joe,Comédie,phys,55,100,72,117,49.6,0.2991,true
457,American Pie,Le pacte du bal,—,status,,100,73,73,0.0,0.0000,true
457,American Pie,« This one time; at band camp… »,Comédie,spe,75,95,73,64,30.3,0.2500,true
457,American Pie,Stifler déchaîné,Comédie,phys,75,100,73,94,50.0,0.2021,true
457,American Pie,La webcam de Jim,Comédie,spe,80,95,72,138,27.0,0.1522,true
457,American Pie,Les conseils du père de Jim,Comédie,spe,70,95,72,21,17.1,0.0952,true
457,American Pie,La tarte aux pommes,Comédie,phys,60,100,73,59,42.4,0.2712,true
458,Le Majordome,Huit présidents servis,—,status,,100,72,103,0.0,0.0000,true
458,Le Majordome,Le sit-in du comptoir,Drame,spe,80,90,72,279,29.4,0.0753,true
458,Le Majordome,Les Freedom Riders,Drame,phys,80,90,72,43,26.3,0.0930,true
458,Le Majordome,« Pas de politique à la Maison-Blanche »,—,status,,100,72,0,,,false
458,Le Majordome,Le déchirement père-fils,Drame,spe,70,95,72,156,22.3,0.0577,true
458,Le Majordome,L'élection d'Obama,—,status,,100,72,230,0.0,0.0000,true
459,Un p'tit truc en plus,La cavale de Paulo et La Fraise,Comédie,spe,75,95,73,163,37.4,0.1227,true
459,Un p'tit truc en plus,La fausse identité,Drame,spe,80,95,73,162,40.4,0.1358,true
459,Un p'tit truc en plus,La colonie de vacances,Comédie,spe,70,95,72,42,43.0,0.0952,true
459,Un p'tit truc en plus,Le fan de Dalida,Comédie,phys,70,95,73,21,25.5,0.1429,true
459,Un p'tit truc en plus,La métamorphose de La Fraise,Drame,spe,80,90,73,60,40.2,0.0500,true
459,Un p'tit truc en plus,Le regard qui change,Drame,phys,55,100,72,23,11.6,0.6087,true
460,Slumdog Millionaire,Le grand quiz,Drame,spe,75,95,130,390,41.0,0.0897,true
460,Slumdog Millionaire,Les bas-fonds de Mumbai,Drame,phys,75,95,130,144,35.3,0.0833,true
460,Slumdog Millionaire,« Jai Ho »,—,status,,100,130,366,0.0,0.0000,true
460,Slumdog Millionaire,Salim le frère,Drame,phys,80,90,130,266,37.6,0.0714,true
460,Slumdog Millionaire,L'amour pour Latika,Romance,spe,65,100,130,176,54.3,0.1136,true
460,Slumdog Millionaire,La dernière question,Romance,phys,120,60,130,112,48.8,0.1250,true
461,Eh mec ! Elle est où ma caisse ?,« Dude! » « Sweet! »,—,status,,100,73,54,0.0,0.0000,true
461,Eh mec ! Elle est où ma caisse ?,La caisse disparue,Science-Fiction,phys,75,95,73,94,39.0,0.1596,true
461,Eh mec ! Elle est où ma caisse ?,« Et ensuiiiite ? »,Comédie,phys,80,95,73,109,47.6,0.1835,true
461,Eh mec ! Elle est où ma caisse ?,Le Continuum Transfonctionneur,Science-Fiction,spe,70,100,73,45,26.8,0.1111,true
461,Eh mec ! Elle est où ma caisse ?,Les extraterrestres,Science-Fiction,phys,70,95,72,33,35.8,0.1212,true
461,Eh mec ! Elle est où ma caisse ?,Les tatouages « Dude / Sweet »,Comédie,phys,65,95,72,49,31.2,0.5306,true
462,Harvie Krumpet,Les « Fakts » de la vie,Animation,spe,75,95,72,75,63.4,0.1467,true
462,Harvie Krumpet,Le syndrome de Gilles de la Tourette,Drame,spe,80,95,73,196,35.6,0.0816,true
462,Harvie Krumpet,La foudre,Animation,spe,75,95,73,60,41.5,0.1000,true
462,Harvie Krumpet,La guigne perpétuelle,Drame,spe,70,95,73,57,29.9,0.1228,true
462,Harvie Krumpet,Valérie et l'amour tardif,—,status,,100,72,119,0.0,0.0000,true
462,Harvie Krumpet,La pâte à modeler du destin,Animation,phys,55,100,73,83,36.0,0.3614,true
463,Le Vieux qui ne voulait pas fêter son anniversaire,La fuite par la fenêtre,—,status,,100,73,67,0.0,0.0000,true
463,Le Vieux qui ne voulait pas fêter son anniversaire,La valise pleine de billets,Aventure,spe,75,95,73,104,35.4,0.1731,true
463,Le Vieux qui ne voulait pas fêter son anniversaire,Sonya l'éléphante,Aventure,phys,80,90,73,10,36.2,0.0000,true
463,Le Vieux qui ne voulait pas fêter son anniversaire,L'expert en explosifs,Aventure,phys,80,90,73,22,21.1,0.0909,true
463,Le Vieux qui ne voulait pas fêter son anniversaire,Le cadavre au congélateur,Comédie,spe,80,95,72,144,42.2,0.1458,true
463,Le Vieux qui ne voulait pas fêter son anniversaire,Forrest Gump à la suédoise,Comédie,phys,60,100,72,39,38.1,0.1795,true
464,Pompéi,L'éruption du Vésuve,Action,spe,80,95,73,28,28.7,0.1786,true
464,Pompéi,Milo le gladiateur,Action,phys,80,90,73,65,28.5,0.0462,true
464,Pompéi,Atticus l'allié,Action,phys,80,90,72,135,31.8,0.1481,true
464,Pompéi,Corvus le sénateur,—,status,,100,72,0,,,false
464,Pompéi,La pluie de pierres ponces,Action,phys,75,95,73,46,29.0,0.0217,true
464,Pompéi,L'étreinte figée dans la cendre,Drame,phys,65,95,73,67,37.4,0.3284,true
465,2012,La fin du monde maya,Science-Fiction,spe,85,95,73,45,38.5,0.1333,true
465,2012,La limousine dans le séisme,Action,phys,85,85,73,163,36.0,0.1104,true
465,2012,L'éruption de Yellowstone,Science-Fiction,phys,70,100,73,18,35.2,0.1111,true
465,2012,« Les neutrinos ont muté »,Science-Fiction,phys,75,95,73,95,39.7,0.1263,true
465,2012,Les Arches,—,status,,100,72,41,0.0,0.0000,true
465,2012,La vague sur l'Himalaya,Action,phys,55,100,72,46,27.1,0.5652,true
466,Le Jour d'après,La super-tempête,Science-Fiction,spe,90,85,72,56,35.7,0.0536,true
466,Le Jour d'après,L'œil glaçant du cyclone,Thriller,phys,75,95,73,153,38.9,0.0784,true
466,Le Jour d'après,La bibliothèque assiégée,—,status,,100,73,0,,,false
466,Le Jour d'après,La vague sur New York,Science-Fiction,phys,85,85,73,89,31.1,0.0674,true
466,Le Jour d'après,Les loups du cargo,Thriller,phys,65,100,72,45,47.8,0.1333,true
466,Le Jour d'après,La traversée gelée,Thriller,phys,60,100,73,53,21.6,0.6415,true
467,Les Valseuses,Le duo de loubards,—,status,,100,73,76,0.0,0.0000,true
467,Les Valseuses,La virée volée,Comédie,phys,75,100,72,128,54.1,0.2109,true
467,Les Valseuses,La provocation permanente,Comédie,spe,75,95,72,132,34.2,0.0909,true
467,Les Valseuses,Marie-Ange l'indifférente,—,status,,100,73,0,,,false
467,Les Valseuses,La sortie de prison,Drame,spe,70,95,73,42,35.5,0.0952,true
467,Les Valseuses,La liberté anarchique,Comédie,phys,65,95,73,72,39.3,0.3472,true
468,Danny the Dog,« Le collier tombe »,Action,phys,85,95,72,183,36.1,0.1202,true
468,Danny the Dog,Le combat en cage,Action,phys,85,85,72,80,35.6,0.1000,true
468,Danny the Dog,Le dressage de Bart,—,status,,100,73,0,,,false
468,Danny the Dog,Sam l'accordeur aveugle,—,status,,100,73,94,0.0,0.0000,true
468,Danny the Dog,Le piano,Drame,spe,75,95,73,77,38.2,0.1169,true
468,Danny the Dog,La douceur retrouvée,Action,phys,55,100,73,40,29.9,0.5500,true
469,Midnight Express,L'arrestation à la douane,Drame,spe,75,95,72,51,54.4,0.1961,true
469,Midnight Express,La prison turque,Drame,phys,75,95,72,0,,,true
469,Midnight Express,Le réquisitoire désespéré,Drame,spe,75,100,72,133,41.5,0.1504,true
469,Midnight Express,La descente aux enfers,Thriller,spe,80,95,72,200,45.5,0.1200,true
469,Midnight Express,La partition de Moroder,Drame,spe,70,95,72,2,69.0,0.0000,true
469,Midnight Express,L'évasion,Thriller,phys,60,100,72,81,34.5,0.3951,true
470,Le Dîner de cons,« Il s'appelle Juste Leblanc »,Comédie,spe,75,95,73,20,31.5,0.0500,true
470,Le Dîner de cons,Les maquettes en allumettes,—,status,,100,73,82,0.0,0.0000,true
470,Le Dîner de cons,Le coup de fil catastrophe,Comédie,spe,80,90,72,138,32.2,0.1159,true
470,Le Dîner de cons,Le contrôle fiscal,Comédie,spe,75,95,73,18,27.3,0.0556,true
470,Le Dîner de cons,« Un fax… j'ai cru voir un fax »,Comédie,spe,80,95,73,307,38.5,0.1107,true
470,Le Dîner de cons,Le tour de reins,Comédie,phys,65,95,72,27,13.9,0.7037,true
471,Moulin Rouge !,Le Diamant Scintillant,Romance,phys,75,95,73,131,42.4,0.1374,true
471,Moulin Rouge !,L'Elephant Love Medley,Romance,spe,90,85,73,45,43.0,0.0444,true
471,Moulin Rouge !,« Aimer et être aimé en retour »,—,status,,100,72,65,0.0,0.0000,true
471,Moulin Rouge !,Spectacular Spectacular,Drame,spe,80,90,72,60,39.9,0.1167,true
471,Moulin Rouge !,Le Duc jaloux,—,status,,100,73,0,,,false
471,Moulin Rouge !,Le rideau rouge,Drame,phys,55,100,73,121,46.3,0.3058,true
472,Roméo + Juliette,Le coup de foudre à l'aquarium,—,status,,100,73,65,0.0,0.0000,true
472,Roméo + Juliette,Les flingues « Sword »,Drame,phys,75,95,73,61,51.3,0.1475,true
472,Roméo + Juliette,Mercutio déchaîné,Drame,spe,75,100,73,51,27.5,0.0588,true
472,Roméo + Juliette,Le balcon-piscine,—,status,,100,72,45,0.0,0.0000,true
472,Roméo + Juliette,Le bal costumé,Romance,phys,75,95,73,72,49.7,0.1250,true
472,Roméo + Juliette,Le poison du tombeau,Drame,phys,60,100,72,36,43.2,0.4722,true
473,Gummo,La ville ravagée par la tornade,—,status,,100,73,0,,,false
473,Gummo,Solomon et Tummler,Drame,phys,75,100,73,97,23.8,0.0206,true
473,Gummo,Le garçon aux oreilles de lapin,Drame,spe,75,95,73,41,29.0,0.0732,true
473,Gummo,Le bacon sur le mur,Drame,spe,80,95,74,219,24.2,0.0548,true
473,Gummo,Le bras de fer,Drame,phys,70,95,73,0,,,true
473,Gummo,Le montage éclaté,Drame,phys,65,95,74,26,16.1,0.5000,true
474,Le Diable s'habille en Prada,« Un million de filles tueraient pour ce poste »,—,status,,100,73,75,0.0,0.0000,true
474,Le Diable s'habille en Prada,Le monologue du céruléen,Drame,spe,85,85,73,30,44.5,0.1333,true
474,Le Diable s'habille en Prada,« Florals? For spring? Groundbreaking »,Comédie,spe,75,95,73,51,40.0,0.0980,true
474,Le Diable s'habille en Prada,« Ce sera tout »,Drame,spe,80,95,72,113,35.4,0.1593,true
474,Le Diable s'habille en Prada,La métamorphose d'Andy,Drame,phys,80,90,72,51,50.2,0.1569,true
474,Le Diable s'habille en Prada,La pile de Runway,Comédie,phys,55,100,73,46,61.2,0.3043,true
475,L'Âme Idéale,Le don d'Elsa,Romance,spe,75,95,73,78,26.9,0.0769,true
475,L'Âme Idéale,Oscar le compositeur,Romance,spe,75,95,73,78,16.5,0.0385,true
475,L'Âme Idéale,L'amour impossible,—,status,,100,72,74,0.0,0.0000,true
475,L'Âme Idéale,La révélation,Fantastique,spe,80,95,73,137,23.8,0.0146,true
475,L'Âme Idéale,La partition électro,Romance,spe,70,100,73,3,27.0,0.0000,true
475,L'Âme Idéale,L'au revoir,Fantastique,phys,60,100,72,80,37.0,0.2125,true
476,La Beuze,Alphonse « roi du Frunkp »,—,status,,100,72,42,0.0,0.0000,true
476,La Beuze,La cargaison maléfique,Comédie,phys,75,95,72,36,51.3,0.2500,true
476,La Beuze,Le road trip Le Havre-Paris,Comédie,phys,75,95,72,29,42.8,0.3448,true
476,La Beuze,Le grand ahuri,Comédie,phys,80,95,72,148,31.9,0.1284,true
476,La Beuze,Le trip Blaxploitation,Comédie,spe,75,100,72,89,21.4,0.0899,true
476,La Beuze,Le « Frunkp »,Comédie,phys,65,95,72,12,27.5,0.7500,true
477,The Drama,La rencontre au café,Comédie,phys,75,95,72,59,39.7,0.1186,true
477,The Drama,L'oreille sourde,Romance,phys,80,95,73,131,38.8,0.0763,true
477,The Drama,La séance photo du mariage,Comédie,spe,70,100,73,60,28.6,0.1167,true
477,The Drama,La révélation qui fait tout dérailler,—,status,,100,73,0,,,false
477,The Drama,Charlie le maladroit,Comédie,phys,75,95,72,50,36.7,0.0600,true
477,The Drama,Les flashbacks surréalistes,Romance,phys,55,100,73,47,29.1,0.5957,true
478,Nimona,La métamorphose,Animation,phys,90,85,73,227,41.1,0.1366,true
478,Nimona,« Je suis Nimona »,—,status,,100,73,75,0.0,0.0000,true
478,Nimona,Ballister le chevalier déchu,Aventure,phys,80,90,73,105,49.1,0.1714,true
478,Nimona,Le royaume médiéval-futuriste,—,status,,100,73,43,0.0,0.0000,false
478,Nimona,La Directrice,—,status,,100,72,0,,,false
478,Nimona,Le dragon,Animation,phys,60,100,72,75,34.8,0.2800,true
479,Les Mitchell contre les machines,L'apocalypse des robots,Animation,spe,75,95,73,34,46.6,0.0882,true
479,Les Mitchell contre les machines,Le « chien-cochon-pain »,Comédie,phys,75,95,73,118,60.9,0.2373,true
479,Les Mitchell contre les machines,Katie la cinéaste,Animation,phys,80,95,73,116,65.3,0.2845,true
479,Les Mitchell contre les machines,Le road trip familial,Comédie,phys,70,100,72,41,71.1,0.1951,true
479,Les Mitchell contre les machines,« C'est le plan le plus débile »,—,status,,100,73,94,0.0,0.0000,true
479,Les Mitchell contre les machines,Les Furby géants,Animation,phys,65,95,72,44,67.6,0.5000,true
480,Coraline,L'Autre Mère,Fantastique,spe,85,95,73,231,33.3,0.1255,true
480,Coraline,« Il te faudra des boutons »,Fantastique,phys,75,95,73,81,36.4,0.0617,true
480,Coraline,Le chat noir,Animation,phys,80,95,72,148,34.0,0.1284,true
480,Coraline,Les enfants fantômes,—,status,,100,73,0,,,false
480,Coraline,Le jardin enchanté,Animation,spe,80,90,73,99,45.3,0.1313,true
480,Coraline,La main d'araignée,Fantastique,phys,55,100,72,35,23.1,0.3714,true
481,Monster House,La maison dévoreuse,Horreur,phys,90,85,73,89,37.4,0.0899,true
481,Monster House,La gueule-perron,Horreur,phys,75,95,73,24,28.7,0.0417,true
481,Monster House,DJ; Chowder et Jenny,Animation,phys,80,95,72,182,40.0,0.1154,true
481,Monster House,Constance prisonnière,Horreur,spe,80,90,72,84,22.5,0.0952,true
481,Monster House,La dynamite,Animation,phys,65,100,73,83,42.8,0.1084,true
481,Monster House,L'attaque nocturne,Animation,phys,60,100,73,55,28.5,0.4909,true
482,Le Robot sauvage,Roz s'adapte,—,status,,100,130,226,0.0,0.0000,true
482,Le Robot sauvage,L'élevage de Bec-de-Lumière,Aventure,spe,80,90,130,308,37.8,0.1266,true
482,Le Robot sauvage,« Je ne suis pas équipée pour ça »,—,status,,100,130,277,0.0,0.0000,true
482,Le Robot sauvage,Fink le renard,Aventure,phys,70,100,130,610,71.4,0.2475,true
482,Le Robot sauvage,La grande migration,Animation,spe,80,90,130,254,49.3,0.1181,true
482,Le Robot sauvage,Le mode survie,Animation,phys,65,95,130,265,74.4,0.4000,true
483,Les Vedettes,Le duo de losers,—,status,,100,72,47,0.0,0.0000,true
483,Les Vedettes,La course aux jeux télé,Comédie,spe,75,95,72,12,35.4,0.3333,true
483,Les Vedettes,Le magasin d'électroménager,Comédie,phys,65,100,72,24,39.3,0.2083,true
483,Les Vedettes,La gloire qui monte à la tête,Comédie,spe,80,95,72,161,30.8,0.1553,true
483,Les Vedettes,Le karaoké,Comédie,spe,80,90,72,65,25.3,0.0769,true
483,Les Vedettes,Le sketch télé,Comédie,phys,55,100,72,42,30.5,0.3571,true
484,Bruce tout-puissant,Les pouvoirs divins,Fantastique,spe,85,85,73,20,34.7,0.1000,true
484,Bruce tout-puissant,La soupe à la tomate fendue,Fantastique,phys,75,95,72,40,65.2,0.2750,true
484,Bruce tout-puissant,La lune rapprochée,Fantastique,spe,75,100,72,73,38.1,0.1781,true
484,Bruce tout-puissant,« B-E-A-U-T-I-F-U-L »,—,status,,100,73,63,0.0,0.0000,true
484,Bruce tout-puissant,La crise d'Evan Baxter,Comédie,phys,80,95,73,137,63.9,0.1898,true
484,Bruce tout-puissant,Le déluge de prières,Comédie,phys,60,100,73,42,61.6,0.6190,true
485,Dikkenek,Claudy le tchatcheur,—,status,,100,73,0,,,false
485,Dikkenek,« Tu veux mon spéculoos ? »,Comédie,spe,75,95,73,92,33.2,0.0870,true
485,Dikkenek,Les combines foireuses,Comédie,phys,80,90,73,25,33.3,0.0800,true
485,Dikkenek,L'humour bruxellois,Comédie,spe,80,95,73,292,30.7,0.1164,true
485,Dikkenek,JCVD le chien,Comédie,phys,70,95,72,0,,,true
485,Dikkenek,Les vignettes déglinguées,Comédie,phys,65,95,72,22,12.9,0.5455,true
486,Kick-Ass,Hit-Girl déchaînée,Action,phys,85,95,73,185,55.5,0.2486,true
486,Kick-Ass,Big Daddy,Action,phys,85,85,72,65,63.1,0.2615,true
486,Kick-Ass,« Voyons ce que tu sais faire maintenant »,Action,phys,75,95,72,22,74.5,0.2273,true
486,Kick-Ass,Kick-Ass en costume,—,status,,100,73,80,0.0,0.0000,true
486,Kick-Ass,Le jetpack mitrailleur,Action,spe,80,90,73,14,18.4,0.0714,true
486,Kick-Ass,Red Mist,Comédie,phys,55,100,73,93,62.7,0.3333,true
487,Kick-Ass 2,Hit-Girl au lycée,Action,phys,85,85,72,13,32.0,0.3077,true
487,Kick-Ass 2,The Motherf***er,Comédie,phys,75,95,72,94,33.0,0.1277,true
487,Kick-Ass 2,Justice Forever,Action,phys,80,95,72,196,36.5,0.1071,true
487,Kick-Ass 2,Le Colonel Stars and Stripes,Action,phys,80,90,72,81,21.4,0.0864,true
487,Kick-Ass 2,La baston de rue,Action,phys,65,100,72,0,,,true
487,Kick-Ass 2,Le retour du costume,Comédie,phys,60,100,72,76,30.6,0.3553,true
488,99 Francs,Octave Parango,—,status,,100,72,64,0.0,0.0000,true
488,99 Francs,La campagne Maigrelette,Comédie,spe,75,100,73,88,39.7,0.1136,true
488,99 Francs,« Je dépense donc je suis »,—,status,,100,73,0,,,false
488,99 Francs,Le burn-out,Drame,spe,75,95,73,68,29.2,0.0882,true
488,99 Francs,La révolte anti-pub,Drame,phys,70,95,72,84,49.1,0.1786,true
488,99 Francs,Les visuels surréalistes,Comédie,phys,65,95,73,74,36.0,0.2838,true
489,La Forêt d'émeraude,Les Invisibles,Aventure,phys,80,90,73,44,47.1,0.1364,true
489,La Forêt d'émeraude,La quête du père,Drame,phys,75,95,72,41,60.0,0.1220,true
489,La Forêt d'émeraude,Tommy l'enfant sauvage,—,status,,100,73,69,0.0,0.0000,true
489,La Forêt d'émeraude,Les Féroces,Aventure,phys,75,100,73,109,46.6,0.0550,true
489,La Forêt d'émeraude,La déforestation,Drame,spe,75,95,73,63,28.3,0.0794,true
489,La Forêt d'émeraude,L'appel de la jungle,Aventure,phys,55,100,72,37,26.1,0.6757,true
490,Porco Rosso,L'hydravion écarlate,Aventure,phys,90,85,130,652,71.0,0.2546,true
490,Porco Rosso,« Mieux vaut être un cochon qu'un fasciste »,—,status,,100,130,231,0.0,0.0000,true
490,Porco Rosso,Fio l'ingénieure,—,status,,100,130,218,0.0,0.0000,true
490,Porco Rosso,Le duel avec Curtis,Aventure,phys,85,85,130,266,74.9,0.3008,true
490,Porco Rosso,Les pirates de l'Adriatique,Comédie,spe,70,100,130,222,58.4,0.2027,true
490,Porco Rosso,La malédiction du cochon,Aventure,phys,60,100,130,53,66.6,0.4717,true